DateKey,HourKey,ApparentTemperature,AirTemperature,DewPointTemperature,RelativeHumidity,PeopleCount,Weekday,Month,Holiday,ElectricityConsumption
20220812,6,8.55,10.25,9.9,97.5,5,5,8,0,44.75
20220812,7,9.45,10.5,9.9,96,2,5,8,0,49
20220812,8,9,10.149999999999999,10.05,99,7,5,8,0,47.5
20220812,9,9.75,10.8,10.4,97.5,3,5,8,0,41.25
20220812,10,11.25,12.649999999999999,10.2,85,2,5,8,0,41.25
20220812,11,11.6,13.65,8.45,71,1,5,8,0,42.75
20220812,12,12.2,13.75,8.45,70.5,0,5,8,0,45.25
20220812,13,12.850000000000001,14.55,9.149999999999999,70,5,5,8,0,48.25
20220812,14,13.3,14.05,9.75,76,0,5,8,0,45.5
20220812,15,13.25,14.6,9.399999999999999,71,1,5,8,0,44
20220812,16,14,14.15,9.95,76,0,5,8,0,44.5
20220812,17,12.8,13.35,10.05,80.5,1,5,8,0,48.75
20220812,18,11.45,12.6,9.95,84,3,5,8,0,52.25
20220812,19,10.05,12,8.2,77.5,1,5,8,0,52
20220812,20,9.1,11.5,7.800000000000001,78,0,5,8,0,49
20220812,21,7.8,11.600000000000001,6.7,72,0,5,8,0,46.5
20220812,22,8.7,11.649999999999999,6.15,69,0,5,8,0,35.75
20220812,23,8.15,10.45,6.699999999999999,77.5,0,5,8,0,32.75
20220813,0,8.15,9.649999999999999,7.55,87,2,6,8,0,33.5
20220813,1,7.45,8.7,8.65,99.5,0,6,8,0,32.5
20220813,2,7.2,8.350000000000001,8.350000000000001,100,0,6,8,0,32.5
20220813,3,6.95,7.800000000000001,7.800000000000001,100,1,6,8,0,35.5
20220813,4,6.1,7.15,7.15,100,1,6,8,0,41.5
20220813,5,5.05,7,7,100,0,6,8,0,42
20220813,6,5.8,6.9,6.9,100,0,6,8,0,36.5
20220813,7,5.9,6.65,6.65,100,2,6,8,0,31.25
20220813,8,6.9,7.5,7.5,100,2,6,8,0,44.75
20220813,9,7.9,9.65,8.9,95,1,6,8,0,49.25
20220813,10,11.45,11.8,9.100000000000001,83.5,2,6,8,0,50.75
20220813,11,13.5,14.9,7.3,60.5,1,6,8,0,49.5
20220813,12,16.2,17.549999999999997,8.149999999999999,54,3,6,8,0,49
20220813,13,15.100000000000001,16.9,8.2,57,1,6,8,0,49.25
20220813,14,12.25,14.7,8.5,66.5,0,6,8,0,49.5
20220813,15,8.266666666666667,12,9.433333333333332,86.33333333333333,2,6,8,0,49.25
20220813,16,9.05,10.05,10.05,100,1,6,8,0,50.75
20220813,17,8.85,9.5,9.5,100,0,6,8,0,50.5
20220813,18,8.350000000000001,9.25,9.25,100,0,6,8,0,38.5
20220813,19,8.8,9,9,100,0,6,8,0,32.75
20220813,20,6.95,8.600000000000001,8.600000000000001,100,0,6,8,0,33
20220813,21,8.100000000000001,8.45,8.45,100,0,6,8,0,32.5
20220813,22,6.85,7.45,7.45,100,0,6,8,0,32.5
20220813,23,5.25,6.7,6.7,100,0,6,8,0,34.75
20220814,0,5.199999999999999,6.25,6.25,100,3,7,8,0,41.5
20220814,1,5.300000000000001,6.5,6.5,100,0,7,8,0,41.5
20220814,2,5.4,6.6,6.6,100,0,7,8,0,42
20220814,6,5.75,7.95,7.95,100,0,7,8,0,36.5
20220814,7,5.949999999999999,8.1,8.1,100,2,7,8,0,33.75
20220814,8,6.9,8.85,8.85,100,6,7,8,0,40.5
20220814,9,7.1,9.8,9.7,99,1,7,8,0,42.25
20220814,10,7.6,10.8,10.600000000000001,99,4,7,8,0,44
20220814,11,8.85,11.95,10.95,93.5,5,7,8,0,46.5
20220814,12,8.95,12.25,10.25,87.5,0,7,8,0,43.5
20220814,13,9.149999999999999,13,9.3,78,3,7,8,0,45.25
20220814,14,9.7,13.6,9.75,77.5,1,7,8,0,46
20220814,15,8.533333333333333,14.066666666666668,8.6,69.66666666666667,1,7,8,0,46.25
20220814,16,8.6,14.133333333333333,8.4,68.33333333333333,1,7,8,0,45.75
20220814,17,7.65,13.5,9.4,76,1,7,8,0,46.5
20220814,18,8.350000000000001,12.6,9.6,82,1,7,8,0,38
20220814,19,8.3,12,9.7,86,0,7,8,0,34.75
20220814,20,8.5,12.1,9.85,86,0,7,8,0,34.75
20220814,21,8.35,11.9,9.649999999999999,86,1,7,8,0,35
20220814,22,8.9,11.850000000000001,9.399999999999999,85,0,7,8,0,43.25
20220814,23,8.25,11.8,8.65,81,0,7,8,0,45.75
20220815,0,7.5,11.55,7.65,77,3,1,8,0,45.75
20220815,1,7.8,11.350000000000001,7.85,79,0,1,8,0,44
20220815,2,7.5,11.25,7.65,78.5,0,1,8,0,32.75
20220815,3,8.15,10.55,7.85,83.5,1,1,8,0,32.25
20220815,4,7.800000000000001,10.649999999999999,7.55,81,0,1,8,0,32.5
20220815,5,7.75,10.25,7.4,82.5,1,1,8,0,32.5
20220815,6,7.300000000000001,9.75,7.75,87.5,3,1,8,0,49.25
20220815,7,7.15,10.149999999999999,7.55,84,2,1,8,0,48.5
20220815,8,7.4,10.649999999999999,6.7,76.5,3,1,8,0,47.75
20220815,9,8.55,12.2,7.2,71.5,6,1,8,0,47.5
20220815,10,8.35,12.75,6.65,66.5,6,1,8,0,48.75
20220815,11,9.35,13.649999999999999,6.6,62.5,3,1,8,0,48.75
20220815,12,10.6,14.399999999999999,6.75,60,1,1,8,0,50.5
20220815,13,11,15.25,7.25,59,3,1,8,0,47.25
20220815,14,11.899999999999999,16.200000000000003,6.35,52,1,1,8,0,48.75
20220815,15,10.649999999999999,15.05,5.7,53.5,1,1,8,0,52
20220815,16,9.2,13.55,5.9,60,0,1,8,0,52.75
20220815,17,10.2,13.1,6.35,63.5,1,1,8,0,56
20220815,18,9.100000000000001,12.5,6.7,67.5,1,1,8,0,56.5
20220815,19,8.95,11.5,7.2,75,0,1,8,0,54
20220815,20,8,10.85,6.75,76,0,1,8,0,53.5
20220815,21,8.100000000000001,10.8,6.6,75,1,1,8,0,52.75
20220815,22,7.550000000000001,9.75,8.75,93.5,0,1,8,0,40.75
20220815,23,6.85,8.95,8.95,100,0,1,8,0,44
20220816,0,7.15,9.2,9.2,100,1,2,8,0,46.75
20220816,1,8,9.899999999999999,9.85,99.5,0,2,8,0,44.25
20220816,2,8.4,10.1,10,99,1,2,8,0,33
20220816,3,8.3,10.15,10,99,0,2,8,0,32.5
20220816,4,7.8,10.2,10.2,100,0,2,8,0,32.25
20220816,5,7.75,10.149999999999999,10.149999999999999,100,2,2,8,0,34.5
20220816,6,7.8,10.2,10.2,100,2,2,8,0,49.75
20220816,7,7.949999999999999,10.3,10.3,100,4,2,8,0,50.25
20220816,8,8.649999999999999,10.55,10.55,100,4,2,8,0,47.5
20220816,9,9.7,11.35,11.35,100,11,2,8,0,46.25
20220816,10,10.15,12.45,12.45,100,3,2,8,0,47.25
20220816,11,8.7,11.3,11.3,100,6,2,8,0,48.5
20220816,12,9.4,12,12,100,2,2,8,0,52.5
20220816,13,9.75,12.3,12.3,100,4,2,8,0,49.5
20220816,14,9.25,12.25,12.149999999999999,99.5,1,2,8,0,49.5
20220816,15,10.15,13.149999999999999,12.6,96.5,2,2,8,0,49.75
20220816,16,10.15,12.8,11.2,90,1,2,8,0,50.75
20220816,17,9.5,11.85,10.899999999999999,94,1,2,8,0,51
20220816,18,9.1,11.45,10.25,92.5,1,2,8,0,56.5
20220816,19,9.100000000000001,11.2,9.7,90.5,1,2,8,0,59.5
20220816,20,8.7,11.05,8.8,86,1,2,8,0,57.75
20220816,21,9.25,10.95,9.2,89,0,2,8,0,55.5
20220816,22,9.25,10.75,8.75,87.5,1,2,8,0,49.5
20220816,23,8.7,10.55,8.4,86.5,0,2,8,0,52
20220817,0,9.1,10.3,7.699999999999999,84,2,3,8,0,51.75
20220817,1,9,9.6,7.45,86.5,0,3,8,0,52.25
20220817,2,7.05,8.399999999999999,7.5,94,0,3,8,0,40.25
20220817,3,6.55,7.35,7.35,100,0,3,8,0,39.5
20220817,4,5.45,6.3,6.3,100,0,3,8,0,39.25
20220817,5,4.35,5.4,5.4,100,0,3,8,0,39.25
20220817,6,3.8499999999999996,4.95,4.95,100,3,3,8,0,50.75
20220817,7,4.25,5.3,5.3,100,1,3,8,0,49.75
20220817,8,4.9,6.300000000000001,6.300000000000001,100,7,3,8,0,49
20220817,9,6.65,7.9,7.9,100,5,3,8,0,48.25
20220817,10,9.45,10.649999999999999,9.55,93,3,3,8,0,47
20220817,11,9.15,12.850000000000001,7.05,68,5,3,8,0,45.5
20220817,12,9.7,13.05,7.05,67,1,3,8,0,50
20220817,13,8.85,13.45,7.199999999999999,66,3,3,8,0,49.5
20220817,14,9.600000000000001,13.75,8.15,69,1,3,8,0,51
20220817,15,10.3,13.3,8.5,72.5,0,3,8,0,51
20220817,16,10.25,13.05,8.55,74,1,3,8,0,50.5
20220817,17,10.35,12.8,8.5,75,1,3,8,0,50.75
20220817,18,10.2,12.6,8.95,78.5,2,3,8,0,52.75
20220817,19,9.3,13,8.8,75.5,0,3,8,0,52.25
20220817,20,10.399999999999999,11.75,10.45,92,1,3,8,0,50.25
20220817,21,9.5,11.1,10.9,99,0,3,8,0,48.75
20220817,22,9.35,10.8,10.8,100,0,3,8,0,41.5
20220817,23,9.7,11.8,10.5,92,0,3,8,0,45
20220818,0,10.05,12.45,9.35,81.5,3,4,8,0,46
20220818,1,10.7,12.9,9.2,78,2,4,8,0,45.25
20220818,2,11.3,12.95,9.3,78.5,0,4,8,0,32.75
20220818,3,11.8,13.649999999999999,9.149999999999999,74,0,4,8,0,33
20220818,4,11.5,13.9,8.7,71,0,4,8,0,32.5
20220818,5,10.350000000000001,14.05,8.25,68,2,4,8,0,33
20220818,6,9.75,13.95,8.149999999999999,68,1,4,8,0,47.75
20220818,7,10.6,14.05,8.149999999999999,67.5,0,4,8,0,47.25
20220818,8,10.4,14.05,7.9,66.5,4,4,8,0,45
20220818,9,9.799999999999999,14,8.200000000000001,68,8,4,8,0,42.5
20220818,10,8.375,13.774999999999999,8.4,70,5,4,8,0,42.75
20220818,11,9.833333333333334,13.6,9,73.66666666666667,5,4,8,0,42.5
20220818,12,8.55,13.350000000000001,8.95,74.5,5,4,8,0,50.5
20220818,13,9.4,13.75,8.899999999999999,72.5,5,4,8,0,51.25
20220818,14,10.25,13.9,9.6,75.5,0,4,8,0,49.75
20220818,15,10.15,13.8,9.4,74.5,1,4,8,0,49.5
20220818,16,9.75,13.55,9.5,76.5,2,4,8,0,50.5
20220818,17,10.5,13.2,9.8,80,1,4,8,0,50.25
20220818,18,10.45,12.9,10.45,85,0,4,8,0,50.75
20220818,19,9.350000000000001,11,11,100,0,4,8,0,58
20220818,20,9.55,10.25,10.25,100,0,4,8,0,58.25
20220818,21,10.1,10,10,100,0,4,8,0,51.5
20220818,22,9.4,9.95,9.95,100,0,4,8,0,41
20220818,23,8.8,9.850000000000001,9.850000000000001,100,0,4,8,0,40.5
20220819,0,8.5,9.65,9.65,100,2,5,8,0,43.25
20220819,1,8.5,9.45,9.45,100,1,5,8,0,45
20220819,2,8.05,9.45,9.45,100,0,5,8,0,38.75
20220819,3,7.449999999999999,9.3,9.3,100,0,5,8,0,37.5
20220819,4,6.45,8.65,8.65,100,0,5,8,0,37.75
20220819,5,5.85,7.85,7.85,100,0,5,8,0,38
20220819,6,6.25,7.1,7.1,100,2,5,8,0,52.25
20220819,7,4.800000000000001,6.75,6.75,100,3,5,8,0,55.25
20220819,8,5.95,7.65,7.6,99.5,8,5,8,0,51.25
20220819,9,6.55,9.6,7.449999999999999,86.5,1,5,8,0,46.5
20220819,10,8.05,11.3,6.5,72.5,1,5,8,0,48
20220819,11,7.8999999999999995,12.2,4.3,58.5,2,5,8,0,49
20220819,12,9.45,13.3,4.550000000000001,55.5,5,5,8,0,50
20220819,13,11.45,14.45,4.15,50,1,5,8,0,51.25
20220819,14,10.85,14.55,3.3499999999999996,47,0,5,8,0,49
20220819,15,11.7,14.95,3.85,47.5,2,5,8,0,46.5
20220819,16,11.05,14.350000000000001,3.6,48.5,0,5,8,0,47.5
20220819,17,10.65,13.600000000000001,4.35,53.5,2,5,8,0,47.75
20220819,18,8.85,13.35,4.4,54.5,0,5,8,0,49.25
20220819,19,8.85,12.649999999999999,5,59.5,1,5,8,0,51.25
20220819,20,8.1,11.65,6.75,72,0,5,8,0,48.5
20220819,21,8.5,11.05,8.7,85.5,0,5,8,0,47.5
20220819,22,8.85,10.75,9.75,93.5,0,5,8,0,40
20220819,23,8.4,10.7,9.85,94.5,0,5,8,0,38.75
20220820,0,7.65,11.2,8.85,85.5,2,6,8,0,41.75
20220820,1,7.949999999999999,11.3,8.55,83,0,6,8,0,41
20220820,2,7.800000000000001,11.05,9.05,87.5,2,6,8,0,41.25
20220820,3,8.4,11.05,9.8,92,0,6,8,0,42
20220820,4,9.1,11.2,10.5,95.5,0,6,8,0,40
20220820,5,9.5,10.95,10.85,99.5,0,6,8,0,32.5
20220820,6,9.25,11.649999999999999,11.4,98.5,0,6,8,0,33
20220820,7,8.600000000000001,11,10.899999999999999,99.5,1,6,8,0,29.75
20220820,8,8.7,10.4,10.4,100,2,6,8,0,44.25
20220820,9,8.649999999999999,10.85,10.85,100,1,6,8,0,50.75
20220820,10,8.55,11.600000000000001,9.9,89.5,5,6,8,0,52.5
20220820,11,7.9,11.95,7.25,73,5,6,8,0,52.75
20220820,12,7.4,12.45,5,60.5,1,6,8,0,49.5
20220820,13,8.2,12.899999999999999,4.1,55,2,6,8,0,49.25
20220820,14,9,13.5,3.4000000000000004,50.5,1,6,8,0,50
20220820,15,7.85,13.05,1.55,45.5,2,6,8,0,50
20220820,16,7,11.95,2.8499999999999996,54,2,6,8,0,49.25
20220820,17,7.15,10.7,3.15,59.5,0,6,8,0,47.5
20220820,18,6.6,9.7,3.55,65.5,0,6,8,0,35
20220820,19,6.7,8.600000000000001,5.15,79,0,6,8,0,32.75
20220820,20,6.9,7.75,6.2,90,0,6,8,0,32.75
20220820,21,5.2,6.550000000000001,6.449999999999999,99,0,6,8,0,32
20220820,22,4.95,6.05,6,99.5,0,6,8,0,33.5
20220820,23,3.55,5.199999999999999,5.199999999999999,100,0,6,8,0,37.5
20220821,0,4.2,5.25,5.25,100,2,7,8,0,37.5
20220821,1,3.6,5.1,5.1,100,0,7,8,0,37.5
20220821,2,3.5,5.15,5.15,100,0,7,8,0,38
20220821,3,3.9,5.5,5.5,100,0,7,8,0,34
20220821,4,3.05,5.35,5.35,100,0,7,8,0,32.75
20220821,5,3.45,5.35,5.35,100,0,7,8,0,32.75
20220821,6,3,5.3,5.3,100,0,7,8,0,32.75
20220821,7,2.85,5.35,5.35,100,1,7,8,0,29.5
20220821,8,3.8499999999999996,6,6,100,4,7,8,0,41.5
20220821,9,6.75,7.9,7.85,99.5,2,7,8,0,43.5
20220821,10,6.9,10.2,2.3,58,4,7,8,0,48.5
20220821,11,7.85,11.3,1.7,51.5,1,7,8,0,50.25
20220821,12,8.8,12.5,2.25,49.5,2,7,8,0,48.25
20220821,13,8.8,12.8,2.6500000000000004,50,0,7,8,0,46.75
20220821,14,8.4,12.899999999999999,2.3,48.5,0,7,8,0,47.25
20220821,15,7.95,12.95,2.75,50,3,7,8,0,46.75
20220821,16,7.8,12.600000000000001,2.7,51,1,7,8,0,46.5
20220821,17,8.399999999999999,11.899999999999999,3.3,55.5,0,7,8,0,47.75
20220821,18,8.05,11,3.4000000000000004,59.5,2,7,8,0,36.75
20220821,19,7.65,9.8,3.6500000000000004,65.5,0,7,8,0,32.75
20220821,20,6.6,8.55,3.7,71.5,1,7,8,0,32.25
20220821,21,7.1,9.65,4.1,68.5,0,7,8,0,32.25
20220821,22,7.300000000000001,10.45,4.35,66,0,7,8,0,40.75
20220821,23,6.9,11.05,4.05,62,0,7,8,0,45.75
20220822,0,7.300000000000001,10.399999999999999,3.75,63.5,1,1,8,0,45.75
20220822,1,7.2,11.5,4.35,61.5,1,1,8,0,44.25
20220822,2,7.1,10.95,4.65,65,0,1,8,0,33.5
20220822,3,7.6,10.55,4.699999999999999,67,1,1,8,0,32.5
20220822,4,7.9,10.55,5.1,69,0,1,8,0,32.25
20220822,5,8.6,10.85,5.5,69.5,2,1,8,0,32.75
20220822,6,8.3,11,5.7,70,2,1,8,0,48.25
20220822,7,8.75,11.35,5.25,66,2,1,8,0,46.75
20220822,8,7.866666666666667,12.566666666666668,4.933333333333334,59.666666666666664,8,1,8,0,46.25
20220822,9,8.45,13.25,5.550000000000001,59.5,3,1,8,0,47
20220822,10,8.899999999999999,13.95,6.1,59,3,1,8,0,48.75
20220822,11,8.633333333333333,14.200000000000001,6.2,58.666666666666664,6,1,8,0,49.5
20220822,12,9.600000000000001,14.7,7.5,62,0,1,8,0,50.5
20220822,13,11.25,15.8,9,64,5,1,8,0,51.5
20220822,14,12.2,16.65,8.600000000000001,59,2,1,8,0,50.25
20220822,15,11.9,16.15,8.399999999999999,60,0,1,8,0,51.25
20220822,16,7.3999999999999995,11.766666666666666,8.566666666666666,81,1,1,8,0,52.25
20220822,17,7.55,10.15,9.9,98.5,1,1,8,0,52.5
20220822,18,8.05,9.55,9.55,100,3,1,8,0,54
20220822,19,7.800000000000001,9.35,9.35,100,0,1,8,0,54.25
20220822,20,6.5,8.850000000000001,8.850000000000001,100,0,1,8,0,53
20220822,21,6.65,8.45,8.45,100,0,1,8,0,52.75
20220822,22,6.75,8.2,8.2,100,0,1,8,0,42.5
20220822,23,6.85,8.149999999999999,8.149999999999999,100,0,1,8,0,43.25
20220823,0,5.75,7.85,7.85,100,2,2,8,0,46.5
20220823,1,5.5,7.6,7.6,100,0,2,8,0,45.5
20220823,2,4.35,7.6,7.5,99,0,2,8,0,37.75
20220823,3,4.800000000000001,7.5,7.4,99,2,2,8,0,37
20220823,4,3.7,6.949999999999999,6.7,98,0,2,8,0,36.75
20220823,5,2.25,6.6,5.8,94.5,1,2,8,0,38
20220823,6,2.6500000000000004,6.15,5.5,95.5,0,2,8,0,49.5
20220823,7,2.35,5.75,5.1,95.5,3,2,8,0,51.25
20220823,8,2.8499999999999996,5.949999999999999,4.65,91.5,7,2,8,0,52
20220823,9,4.35,7.800000000000001,4.7,81,4,2,8,0,53.5
20220823,10,5.5,9.75,4.45,69.5,5,2,8,0,48.75
20220823,11,5.6,10.6,3.05,59.5,2,2,8,0,47.5
20220823,12,6.4,11.3,3.5999999999999996,59,3,2,8,0,50.5
20220823,13,5.85,10.95,3.1500000000000004,58.5,5,2,8,0,47
20220823,14,6.75,11.45,3.25,57,0,2,8,0,46.5
20220823,15,6.25,10.8,4,63,3,2,8,0,47.25
20220823,16,7.3,9.899999999999999,6.15,77.5,1,2,8,0,49.75
20220823,17,7.2,10,5.9,75.5,0,2,8,0,53.75
20220823,18,6.449999999999999,9.55,4.75,72,0,2,8,0,53.25
20220823,19,5.800000000000001,8.600000000000001,6,83.5,1,2,8,0,56.25
20220823,20,6,8.1,6.2,88,0,2,8,0,56.25
20220823,21,5.3,7.6,6.75,94.5,0,2,8,0,55.25
20220823,22,5.05,7.85,6.199999999999999,89.5,0,2,8,0,45.75
20220823,23,5.35,7.85,6.5,91,0,2,8,0,43.75
20220824,0,5.55,7.95,6.8,92.5,1,3,8,0,47
20220824,1,5.9,8.1,6.65,90.5,0,3,8,0,47
20220824,2,5.7,7.85,6.4,90.5,0,3,8,0,35
20220824,3,5.6,7.9,6.6,91.5,0,3,8,0,33.25
20220824,4,5.550000000000001,7.9,7.15,95,0,3,8,0,33.25
20220824,5,5.699999999999999,7.65,7.2,97,1,3,8,0,33.5
20220824,6,5.65,6.65,6.550000000000001,99,2,3,8,0,46.25
20220824,7,4.65,6.85,6.65,98.5,4,3,8,0,47.75
20220824,8,6.15,8.45,6.65,88.5,5,3,8,0,48
20220824,9,7.699999999999999,10.25,7.15,81,12,3,8,0,50.25
20220824,10,8.649999999999999,11.850000000000001,6.75,71,5,3,8,0,52
20220824,11,7.8,12.2,6.8,69.5,8,3,8,0,49.5
20220824,12,8.35,12.350000000000001,6.65,68,1,3,8,0,52
20220824,13,7.85,11.05,10.25,95,4,3,8,0,52.25
20220824,14,8.600000000000001,10.7,10.5,99,2,3,8,0,51.25
20220824,15,9.15,10.65,10.55,99.5,2,3,8,0,50.5
20220824,16,8.95,10.350000000000001,10.350000000000001,100,1,3,8,0,52
20220824,17,8.75,10.149999999999999,10.149999999999999,100,4,3,8,0,53.25
20220824,18,8.3,10,10,100,1,3,8,0,55
20220824,19,8.85,10.149999999999999,10.149999999999999,100,2,3,8,0,53.5
20220824,20,8.55,10.149999999999999,10.149999999999999,100,0,3,8,0,49.5
20220824,21,8.5,10.1,10.1,100,0,3,8,0,48.5
20220824,22,8.2,10.2,10.2,100,0,3,8,0,40.5
20220824,23,8.45,10.25,10.25,100,0,3,8,0,41
20220825,0,8.65,10.4,10.4,100,2,4,8,0,41.5
20220825,1,8.95,10.45,10.45,100,0,4,8,0,42.75
20220825,2,8.9,10.4,10.4,100,0,4,8,0,33
20220825,3,8.7,10.4,10.4,100,0,4,8,0,32.5
20220825,4,8.8,10.350000000000001,10.350000000000001,100,0,4,8,0,32.5
20220825,5,8.6,10.2,10.2,100,1,4,8,0,32.5
20220825,6,8.6,10.05,10.05,100,0,4,8,0,48
20220825,7,8.5,10,10,100,2,4,8,0,50
20220825,8,8.75,10.3,10.3,100,3,4,8,0,51
20220825,9,9.15,10.45,10.45,100,11,4,8,0,47.75
20220825,10,9.2,10.8,10.8,100,3,4,8,0,47.25
20220825,11,9.05,11.15,11.15,100,5,4,8,0,46.75
20220825,12,9.850000000000001,11.75,11.75,100,3,4,8,0,54.25
20220825,13,11.149999999999999,13.149999999999999,12.75,97.5,3,4,8,0,50.25
20220825,14,11.5,14.05,12.15,88.5,1,4,8,0,45
20220825,15,11.75,14.35,10.649999999999999,78.5,2,4,8,0,43.25
20220825,16,11.75,13.95,10.05,77.5,1,4,8,0,44.75
20220825,17,11.05,12.55,10.6,88,0,4,8,0,48.25
20220825,18,10.85,11.850000000000001,11.6,98.5,1,4,8,0,60.5
20220825,19,11.2,11.7,11.5,99,0,4,8,0,60.5
20220825,20,10.649999999999999,11.55,11.350000000000001,99,1,4,8,0,54
20220825,21,10.55,11.350000000000001,11.350000000000001,100,0,4,8,0,53.5
20220825,22,10.25,11.1,11.1,100,0,4,8,0,43.5
20220825,23,9.95,10.8,10.8,100,0,4,8,0,43
20220826,0,10.850000000000001,10.649999999999999,10.649999999999999,100,1,5,8,0,45.75
20220826,1,10.8,10.6,10.6,100,0,5,8,0,49.25
20220826,2,10.8,10.6,10.6,100,0,5,8,0,46.25
20220826,3,10.649999999999999,10.45,10.45,100,1,5,8,0,37.5
20220826,4,10.350000000000001,10.25,10.25,100,0,5,8,0,37.5
20220826,5,10.100000000000001,10.05,10.05,100,0,5,8,0,37.5
20220826,6,9.100000000000001,9.25,9.25,100,3,5,8,0,53.75
20220826,7,9,9.15,9.15,100,1,5,8,0,52.5
20220826,8,10.15,10.4,10.4,100,5,5,8,0,49.75
20220826,9,10.05,11,10.8,99,3,5,8,0,51
20220826,10,11.25,11.1,11,99.5,7,5,8,0,51.75
20220826,11,11,11.45,11.2,98.5,5,5,8,0,49.75
20220826,12,11.149999999999999,11.95,11.399999999999999,96.5,3,5,8,0,52.75
20220826,13,12.3,12.899999999999999,12.05,94.5,3,5,8,0,50.75
20220826,14,11.7,12.899999999999999,10.95,88,3,5,8,0,52
20220826,15,12.2,13.3,10.65,84,0,5,8,0,52.25
20220826,16,11.45,12.8,10.399999999999999,85.5,2,5,8,0,54.5
20220826,17,10.8,12.2,10.95,92,2,5,8,0,52.5
20220826,18,11,11.85,11.25,96,0,5,8,0,53.75
20220826,19,10.45,11.4,11.2,99,0,5,8,0,57
20220826,20,10.75,11.2,11,99,0,5,8,0,57.75
20220826,21,11.5,11.1,11.1,100,0,5,8,0,54.75
20220826,22,11.25,10.95,10.95,100,0,5,8,0,40
20220826,23,11,10.75,10.75,100,0,5,8,0,42.75
20220827,0,10.45,10.3,10.3,100,2,6,8,0,45.25
20220827,1,9.5,9.55,9.55,100,0,6,8,0,46.5
20220827,2,7.95,8.35,8.35,100,0,6,8,0,46.25
20220827,3,6.55,7.199999999999999,7.199999999999999,100,0,6,8,0,47.5
20220827,4,5.2,6.4,6.4,100,0,6,8,0,36.25
20220827,5,5.15,6.05,6.05,100,0,6,8,0,34.25
20220827,6,4.8,5.9,5.9,100,0,6,8,0,34.25
20220827,7,4.3,5.65,5.65,100,0,6,8,0,32.25
20220827,8,4.85,5.8,5.8,100,2,6,8,0,46.25
20220827,9,6.15,7.5,7.5,100,0,6,8,0,48.5
20220827,10,8.6,9.899999999999999,9.899999999999999,100,1,6,8,0,51.75
20220827,11,14,14.35,12.9,91.5,2,6,8,0,53.5
20220827,12,15.05,16.7,9.95,64.5,4,6,8,0,49.5
20220827,13,16.4,17.85,8.15,53,3,6,8,0,46
20220827,14,16.2,17.55,7.45,51.5,1,6,8,0,46.75
20220827,15,16.4,17.5,7.65,52.5,1,6,8,0,49
20220827,16,15.7,16.95,8.25,56.5,1,6,8,0,50
20220827,17,15.100000000000001,16.05,8.25,60,0,6,8,0,49.75
20220827,18,14,14.35,8.399999999999999,67.5,0,6,8,0,38.75
20220827,19,12.5,12.85,9.149999999999999,78.5,0,6,8,0,37.25
20220827,20,11,11.35,10.649999999999999,95.5,0,6,8,0,38.25
20220827,21,10.899999999999999,10.75,10.4,98,0,6,8,0,37.5
20220827,22,10.25,10.149999999999999,10.149999999999999,100,0,6,8,0,38
20220827,23,8.75,9.1,9.1,100,0,6,8,0,44.25
20220828,0,7,8.25,8.25,100,1,7,8,0,46.5
20220828,1,6.75,7.800000000000001,7.800000000000001,100,1,7,8,0,47
20220828,2,5.699999999999999,7.199999999999999,7.199999999999999,100,0,7,8,0,41.75
20220828,3,5.35,7.45,7.45,100,0,7,8,0,34.5
20220828,4,4.7,6.9,6.9,100,0,7,8,0,34.25
20220828,5,4.949999999999999,6.35,6.35,100,0,7,8,0,34.5
20220828,6,4.9,6.4,6.4,100,0,7,8,0,34.25
20220828,7,6.4,7.9,7.9,100,2,7,8,0,30.75
20220828,8,10.25,10.9,10.7,99,1,7,8,0,43.75
20220828,9,13.5,14.399999999999999,10.9,80.5,1,7,8,0,47.75
20220828,10,14.5,16.15,10,67,1,7,8,0,48.25
20220828,11,15,17.3,9.7,61,1,7,8,0,48.25
20220828,12,16.3,18.700000000000003,9.899999999999999,56.5,2,7,8,0,48.25
20220828,13,16.9,18.35,10.8,61.5,1,7,8,0,47.75
20220828,14,16.7,18.200000000000003,10.05,59,0,7,8,0,49.25
20220828,15,17.549999999999997,19.05,9.9,55.5,2,7,8,0,52.25
20220828,16,16.700000000000003,18.85,8.899999999999999,52.5,4,7,8,0,50.75
20220828,17,16.15,17.9,8.600000000000001,54.5,1,7,8,0,48.75
20220828,18,15,16.6,8.4,58.5,0,7,8,0,38.5
20220828,19,13.55,14.7,8.95,68.5,0,7,8,0,35.75
20220828,20,12.7,13.850000000000001,10.05,78,0,7,8,0,35.75
20220828,21,12.35,13.25,10.5,83.5,0,7,8,0,36.25
20220828,22,11.850000000000001,13.25,11,86.5,0,7,8,0,41.5
20220828,23,13.35,15.15,10.850000000000001,75.5,0,7,8,0,47.75
20220829,0,14.65,15.9,10.8,71.5,1,1,8,1,50
20220829,1,14.5,16.1,10.75,70.5,1,1,8,1,49.25
20220829,2,14.8,16.55,10.3,66.5,0,1,8,1,38.25
20220829,3,14.8,16.25,10.1,67,0,1,8,1,35
20220829,4,14.35,15.8,10.149999999999999,69,0,1,8,1,35.5
20220829,5,13.05,15.15,9.850000000000001,70.5,1,1,8,1,35.75
20220829,6,13.75,15.6,9.25,66,3,1,8,1,52
20220829,7,13.55,15.4,9.2,66.5,2,1,8,1,49.5
20220829,8,14.15,15.7,9.7,67.5,3,1,8,1,51
20220829,9,14.8,16.4,9.45,63.5,1,1,8,1,46.25
20220829,10,12.25,15.65,11,74.5,2,1,8,1,43
20220829,11,14.8,14.8,13.4,91.5,1,1,8,1,42
20220829,12,14.350000000000001,15.25,11.75,79.5,0,1,8,1,47.5
20220829,13,13.8,13.65,13.55,99.5,1,1,8,1,50
20220829,14,12.45,13.1,13.1,100,0,1,8,1,48.5
20220829,15,13.649999999999999,13.2,13.2,100,2,1,8,1,49.75
20220829,16,12.7,13.149999999999999,13.149999999999999,100,1,1,8,1,51.75
20220829,17,11.85,13,13,100,1,1,8,1,56.75
20220829,18,11.95,12.899999999999999,12.899999999999999,100,2,1,8,1,55.75
20220829,19,13.2,12.55,12.55,100,2,1,8,1,56.25
20220829,20,11.45,11.65,11.65,100,0,1,8,1,56
20220829,21,11.8,11.649999999999999,11.649999999999999,100,0,1,8,1,51.75
20220829,22,11.35,11.55,11.55,100,0,1,8,1,40.75
20220829,23,11.350000000000001,11.45,11.45,100,0,1,8,1,40.25
20220830,0,11,11.55,11.55,100,3,2,8,1,47
20220830,1,8.649999999999999,11.2,11.2,100,0,2,8,1,44.25
20220830,2,9.05,10.1,10.1,100,1,2,8,1,38
20220830,3,9.15,11.05,11.05,100,0,2,8,1,37.5
20220830,4,8,10.600000000000001,10.05,96.5,0,2,8,1,34.25
20220830,5,5.7,9.25,7.7,90,1,2,8,1,36.25
20220830,6,5.45,8.8,6.85,87.5,1,2,8,1,48.75
20220830,7,6.15,8.45,7.1,91,4,2,8,1,52.5
20220830,8,6.65,9.55,8.149999999999999,91,2,2,8,1,51.25
20220830,9,7,10.4,8.35,87,5,2,8,1,51
20220830,10,6.8,10.600000000000001,8.45,86.5,7,2,8,1,50.25
20220830,11,7.300000000000001,11.2,9.2,87.5,3,2,8,1,53.25
20220830,12,8.65,11.5,9.75,89,3,2,8,1,55.75
20220830,13,9.149999999999999,12.2,9.9,86,1,2,8,1,50
20220830,14,9.25,11.149999999999999,11.149999999999999,100,1,2,8,1,49
20220830,15,11.1,13.15,13,99,2,2,8,1,48.25
20220830,16,11.2,13.35,12.2,93,0,2,8,1,51
20220830,17,9.75,11.7,11.7,100,1,2,8,1,56.25
20220830,18,8,11.45,11.05,97.5,0,2,8,1,57
20220830,19,6.8,10.6,9.350000000000001,92,0,2,8,1,52
20220830,20,5.65,9.65,8.7,94,0,2,8,1,51.75
20220830,21,6.65,9.25,7.65,90,0,2,8,1,51.75
20220830,22,7.15,9.2,7.8,91,0,2,8,1,39.75
20220830,23,6.7,8.600000000000001,6.85,88.5,0,2,8,1,37.5
20220831,0,6.5,8.1,6.7,91,2,3,8,0,40
20220831,1,6.3,8.45,6,84.5,0,3,8,0,41
20220831,2,6.1,7.65,5.7,87.5,0,3,8,0,34.5
20220831,3,5.3,6.6,6,96,1,3,8,0,33
20220831,4,4.45,5.6,5.6,100,0,3,8,0,32.75
20220831,5,3.8499999999999996,4.95,4.95,100,0,3,8,0,34
20220831,6,2.15,4.05,4.05,100,1,3,8,0,47.25
20220831,7,3.45,4.65,4.65,100,1,3,8,0,49
20220831,8,4.85,6.6,6.550000000000001,99.5,1,3,8,0,48.5
20220831,9,8.05,9.6,7.449999999999999,86.5,5,3,8,0,49.5
20220831,10,9.6,11.6,6.8,72.5,4,3,8,0,50.5
20220831,11,10.5,12.75,5.550000000000001,61.5,6,3,8,0,48.5
20220831,12,11.8,14.05,5.949999999999999,58,3,3,8,0,46.5
20220831,13,13.45,15.45,6.6,55.5,1,3,8,0,45.5
20220831,14,13.899999999999999,16.2,6.199999999999999,51.5,1,3,8,0,46.75
20220831,15,13.8,16.35,5.449999999999999,48.5,4,3,8,0,48.5
20220831,16,13.75,15.100000000000001,6.6,57,0,3,8,0,47.25
20220831,17,11.350000000000001,13.55,7.1,65,2,3,8,0,54.25
20220831,18,10.7,12.600000000000001,7.199999999999999,69.5,1,3,8,0,60.5
20220831,19,10.8,11.5,7.1,74.5,1,3,8,0,65.75
20220831,20,9.85,10.35,7.9,85,1,3,8,0,62.5
20220831,21,8.3,8.6,8.55,99.5,0,3,8,0,61.5
20220831,22,6.25,7.3,7.3,100,0,3,8,0,54.5
20220831,23,5.35,6.199999999999999,6.199999999999999,100,0,3,8,0,52.25
20220901,0,5.05,5.95,5.95,100,1,4,9,1,55.25
20220901,1,4.05,5.15,5.15,100,0,4,9,1,56.75
20220901,2,2.7,4.15,4.15,100,0,4,9,1,42.25
20220901,3,3.85,4.95,4.95,100,0,4,9,1,37
20220901,4,3.8,5.1,5.1,100,2,4,9,1,36.25
20220901,5,4.25,5.75,5.75,100,1,4,9,1,38.75
20220901,6,5.6,6.4,6.4,100,1,4,9,1,51.5
20220901,7,6.1,6.85,6.85,100,0,4,9,1,50.25
20220901,8,7.35,7.8500000000000005,7.8500000000000005,100,5,4,9,1,53.25
20220901,9,8.5,10,7.8999999999999995,87.5,6,4,9,1,49.25
20220901,10,8.7,12.3,4,57,2,4,9,1,48.5
20220901,11,10.25,13.35,4.5,55,1,4,9,1,50.25
20220901,12,10.7,13.55,4,52.5,1,4,9,1,57.75
20220901,13,11.2,13.7,4.15,52.5,4,4,9,1,55.75
20220901,14,11.4,13.9,4.05,51.5,3,4,9,1,54.25
20220901,15,12.75,14.15,4.45,52,2,4,9,1,50.25
20220901,16,11.85,13.85,4.55,53.5,1,4,9,1,51
20220901,17,11.850000000000001,13.1,5.4,59.5,2,4,9,1,51.25
20220901,18,11.5,12.5,5.5,62.5,1,4,9,1,52.75
20220901,19,11,11.65,7.85,77.5,0,4,9,1,55.5
20220901,20,9.75,11.100000000000001,7.8,80.5,0,4,9,1,55
20220901,21,9.05,10.2,10.2,100,0,4,9,1,49
20220901,22,9.6,10.1,10.1,100,1,4,9,1,38.75
20220901,23,9.5,10.1,10.1,100,0,4,9,1,39.75
20220902,0,7.8,9.7,9.7,100,2,5,9,1,41.75
20220902,1,8.1,9.5,9.5,100,1,5,9,1,40.5
20220902,2,7.85,9.45,9.45,100,1,5,9,1,32.5
20220902,3,7.1,9.3,9.25,99.5,0,5,9,1,32.75
20220902,4,7.300000000000001,9.2,9.1,99,0,5,9,1,32.25
20220902,5,6.65,8.65,8,95.5,0,5,9,1,35
20220902,6,6.4,8.25,7.6,95.5,3,5,9,1,49.75
20220902,7,6.35,8.25,7.1,92.5,5,5,9,1,51
20220902,8,6.5,9.2,5.95,81,0,5,9,1,47.25
20220902,9,6.85,10.55,3.3499999999999996,61,4,5,9,1,44.75
20220902,10,6.300000000000001,10.45,3,60,0,5,9,1,45.75
20220902,11,6.85,11.3,2.5,54.5,5,5,9,1,46
20220902,12,7.6,11.850000000000001,5.3,64,2,5,9,1,49.5
20220902,13,6.35,9.9,6.1,77.5,0,5,9,1,48.75
20220902,14,5.9,11.3,3.5,58.5,3,5,9,1,47.5
20220902,15,6.3,11.5,3,56,1,5,9,1,46.75
20220902,16,5.2,11.05,1.95,53.5,1,5,9,1,49.75
20220902,17,5.4,10.55,3.45,61.5,2,5,9,1,48.5
20220902,18,5.1,9.399999999999999,3.35,66,1,5,9,1,49.5
20220902,19,5.9,8.4,5.7,83,0,5,9,1,52
20220902,20,6.4,8.7,6.6,86.5,0,5,9,1,47.75
20220902,21,6.35,8.5,6.45,87,0,5,9,1,46.75
20220902,22,6.45,8.05,6.25,88.5,0,5,9,1,36.75
20220902,23,7.1,7.75,7.25,96.5,0,5,9,1,41.25
20220903,0,6.4,7.55,7.300000000000001,98,2,6,9,0,41.25
20220903,1,5.5,6.800000000000001,6.699999999999999,99,0,6,9,0,41.5
20220903,2,4.699999999999999,6,5.9,99,0,6,9,0,41.75
20220903,3,4.550000000000001,5.9,5.9,100,1,6,9,0,41.5
20220903,4,5,5.95,5.95,100,0,6,9,0,42
20220903,5,5.3,6.15,6.15,100,0,6,9,0,40.75
20220903,6,5.65,6.45,6.45,100,0,6,9,0,32.25
20220903,7,5.75,7,7,100,1,6,9,0,29.25
20220903,8,7.300000000000001,7.8,7.8,100,3,6,9,0,41
20220903,9,7.65,8.899999999999999,8.899999999999999,100,1,6,9,0,46.75
20220903,10,9.1,10.75,10.75,100,2,6,9,0,50.75
20220903,11,9.7,11.649999999999999,10.45,92.5,1,6,9,0,54.5
20220903,12,10.25,12.6,9.600000000000001,82,0,6,9,0,50.25
20220903,13,10.25,12.75,8.9,77.5,1,6,9,0,49.75
20220903,14,10.3,13,8.899999999999999,76,4,6,9,0,50
20220903,15,9.9,13.05,7.85,70.5,2,6,9,0,50.25
20220903,16,10.2,13.649999999999999,7.300000000000001,65.5,0,6,9,0,48.75
20220903,17,9.2,12.5,7.15,70,3,6,9,0,47.75
20220903,18,9.05,10.85,8.35,84.5,1,6,9,0,34.25
20220903,19,8.45,9.95,8.8,92.5,0,6,9,0,32.5
20220903,20,7.35,9.3,8.15,92.5,0,6,9,0,32.75
20220903,21,7.65,8.35,7.8,96.5,0,6,9,0,33
20220903,22,6.449999999999999,7.6,7.5,99,0,6,9,0,32.75
20220903,23,5.5,7.3,7.2,99,1,6,9,0,41.75
20220904,0,5.300000000000001,6.949999999999999,6.949999999999999,100,2,7,9,0,42
20220904,1,6.65,7.25,7.25,100,0,7,9,0,41.5
20220904,2,6.5,7.15,7.15,100,0,7,9,0,42.5
20220904,3,5.300000000000001,6.65,6.65,100,1,7,9,0,36.5
20220904,4,5.15,6.2,6.2,100,0,7,9,0,32.25
20220904,5,5.4,6.75,6.75,100,0,7,9,0,32
20220904,6,6.449999999999999,7.1,7.1,100,0,7,9,0,31.75
20220904,7,6.65,7.3,7.3,100,0,7,9,0,28.5
20220904,8,8,8.35,8.35,100,5,7,9,0,39.75
20220904,9,8.95,9.45,9.4,99.5,3,7,9,0,47.75
20220904,10,9.600000000000001,10.5,9.15,91.5,1,7,9,0,54
20220904,11,8.7,10.399999999999999,9.15,92,1,7,9,0,53
20220904,12,8.7,10.7,8.05,83.5,2,7,9,0,51.5
20220904,13,9.2,11.3,8.35,82,2,7,9,0,50.25
20220904,14,9.15,11.7,7.300000000000001,74.5,0,7,9,0,49.5
20220904,15,9.8,11.3,8.4,82.5,0,7,9,0,48.5
20220904,16,9.5,11.15,8.2,82,1,7,9,0,49
20220904,17,8.2,10.95,8.100000000000001,82.5,1,7,9,0,48.5
20220904,18,8.2,10.3,8.25,87,0,7,9,0,36
20220904,19,7.949999999999999,9.95,7.9,87,0,7,9,0,33.5
20220904,20,8.75,9.3,7.55,89,0,7,9,0,33.75
20220904,21,8.4,8.85,8,94.5,0,7,9,0,33.5
20220904,22,6.35,7.95,7.9,99.5,0,7,9,0,35.75
20220904,23,6.7,8.1,8.1,100,0,7,9,0,39.5
20220905,0,7.1,8.3,8.2,99,2,1,9,0,44.5
20220905,1,7.9,8.3,8.2,99,0,1,9,0,39.25
20220905,2,7.4,7.9,7.9,100,0,1,9,0,32.75
20220905,3,6.85,7.45,7.45,100,0,1,9,0,32
20220905,4,5.949999999999999,7.25,7.25,100,0,1,9,0,32
20220905,5,6.35,7.5,7.5,100,1,1,9,0,35
20220905,6,6.3,7,7,100,1,1,9,0,51.25
20220905,7,6.2,7.1,7.1,100,1,1,9,0,51
20220905,8,8.45,8.8,8.35,97,5,1,9,0,50.5
20220905,9,8.3,10.899999999999999,5.25,68,6,1,9,0,49.75
20220905,10,9,11.95,4.3,59.5,5,1,9,0,47
20220905,11,9.600000000000001,12.95,4.15,55,5,1,9,0,47.5
20220905,12,10.85,13.9,4.75,54,1,1,9,0,49.75
20220905,13,11,14.65,3.9,48.5,3,1,9,0,48.75
20220905,14,12.05,15,4.550000000000001,49.5,5,1,9,0,49.5
20220905,15,12.05,14.899999999999999,4.3,49,1,1,9,0,49.25
20220905,16,11,14.2,4.9,53.5,3,1,9,0,50.5
20220905,17,9.8,12.8,5.1,59.5,1,1,9,0,50.25
20220905,18,9.100000000000001,11.399999999999999,5.4,66.5,2,1,9,0,51.75
20220905,19,8.5,10.8,5.25,68.5,3,1,9,0,53
20220905,20,8,9.850000000000001,4.550000000000001,69.5,2,1,9,0,52.75
20220905,21,7.449999999999999,9.25,4.35,71.5,0,1,9,0,51.25
20220905,22,7.4,9.05,4.25,72,0,1,9,0,38.25
20220905,23,7.1,8.3,4.5,77,0,1,9,0,38.5
20220906,0,5.15,6.4,5.35,93,2,2,9,0,41.5
20220906,1,4.35,5.4,5.3,99,0,2,9,0,41
20220906,2,2.95,4.4,4.35,99.5,0,2,9,0,32.75
20220906,3,1.9500000000000002,4,4,100,0,2,9,0,32.25
20220906,4,1.9,3.3,3.3,100,0,2,9,0,32
20220906,5,0.95,3,3,100,4,2,9,0,35.25
20220906,6,0.35,2.1500000000000004,2.1500000000000004,100,5,2,9,0,49.5
20220906,7,0.6,2.4,2.4,100,6,2,9,0,55
20220906,8,2.1,3.65,3.65,100,2,2,9,0,50.5
20220906,9,5.15,6.5,6.5,100,11,2,9,0,49.75
20220906,10,8.05,9.5,7.9,90,4,2,9,0,45.75
20220906,11,12.149999999999999,13.4,7.8999999999999995,69.5,7,2,9,0,45.75
20220906,12,13.65,15.75,5.800000000000001,51.5,2,2,9,0,52.25
20220906,13,14.8,16.75,6.6,51,1,2,9,0,48.75
20220906,14,15.399999999999999,17.4,5.949999999999999,47,1,2,9,0,47.75
20220906,15,15,17.7,5.8,45.5,3,2,9,0,45.5
20220906,16,13.45,15.95,6.65,54,2,2,9,0,46.5
20220906,17,12.7,15.1,6.25,55.5,0,2,9,0,46
20220906,18,11.5,13.45,6.9,64.5,3,2,9,0,50
20220906,19,10,12.15,7.949999999999999,75.5,0,2,9,0,53.5
20220906,20,9.45,11.1,8.5,84,0,2,9,0,53.75
20220906,21,8.95,10.350000000000001,8.95,91,0,2,9,0,52.75
20220906,22,9,10.149999999999999,8.55,90,0,2,9,0,39.25
20220906,23,9.65,10.149999999999999,8.45,89,0,2,9,0,39.5
20220907,0,7.8500000000000005,8.95,8.7,98,1,3,9,0,41.75
20220907,1,7.5,8.3,8.2,99,0,3,9,0,40.25
20220907,2,6.1,7.4,7.3,99,2,3,9,0,33.25
20220907,3,5.45,6.3,6.3,100,0,3,9,0,32.5
20220907,4,4.6,5.6,5.6,100,0,3,9,0,32.25
20220907,5,4.6,5.6,5.6,100,0,3,9,0,34.5
20220907,6,3.75,4.9,4.9,100,1,3,9,0,45
20220907,7,4.75,6.25,6.25,100,5,3,9,0,45.5
20220907,8,7.15,8.95,8.35,96,2,3,9,0,45.5
20220907,9,10.1,12.25,8.8,79.5,7,3,9,0,42.25
20220907,10,12.1,14.95,7.6,62,2,3,9,0,44.5
20220907,11,14.75,17.3,7.2,51.5,6,3,9,0,43.5
20220907,12,15.399999999999999,17.45,7.800000000000001,53,4,3,9,0,42.25
20220907,13,15.3,18.15,7.55,50,5,3,9,0,42.75
20220907,14,16.3,18.9,7.699999999999999,48,0,3,9,0,43
20220907,15,15.95,18.65,6.65,45.5,1,3,9,0,43
20220907,16,16.35,18.25,7.5,49.5,3,3,9,0,45.5
20220907,17,14.75,17.1,7.199999999999999,52,2,3,9,0,47.5
20220907,18,13.75,15.899999999999999,7.550000000000001,57.5,0,3,9,0,50.75
20220907,19,13.95,15.100000000000001,7.4,60,0,3,9,0,65.25
20220907,20,12.45,13.55,7.8999999999999995,68.5,0,3,9,0,64.75
20220907,21,11.600000000000001,13.3,8.8,74,0,3,9,0,64.5
20220907,22,12.25,13.5,9.7,78,0,3,9,0,42.25
20220907,23,11.7,13.45,9.649999999999999,78,0,3,9,0,42.5
20220908,0,12.55,13.95,9.75,76,1,4,9,0,47.25
20220908,1,12.05,14.55,9.649999999999999,72.5,0,4,9,0,46
20220908,2,12.5,15,9.8,71,0,4,9,0,38.5
20220908,3,12.85,15.1,9.9,71,0,4,9,0,37.25
20220908,4,12.8,15,10.1,72.5,0,4,9,0,37.75
20220908,5,12.3,14.8,11,78,2,4,9,0,38.25
20220908,6,11.95,13.25,13.149999999999999,99.5,1,4,9,0,50.25
20220908,7,12.3,14.05,13.45,96.5,1,4,9,0,49.5
20220908,8,14,14.8,13.399999999999999,91.5,5,4,9,0,50
20220908,9,14.05,15.5,12.65,83,13,4,9,0,47
20220908,10,13.5,15.75,12.5,81,2,4,9,0,45.5
20220908,11,13.85,16.25,12.65,79,8,4,9,0,45.25
20220908,12,13.8,16.55,12.5,77,3,4,9,0,48.5
20220908,13,13.55,16.15,11.95,76,2,4,9,0,46.25
20220908,14,13.15,15.8,12.35,80,1,4,9,0,43.25
20220908,15,13.45,16.1,12.9,81.5,1,4,9,0,43.75
20220908,16,12.95,15.55,13.45,87.5,2,4,9,0,47.25
20220908,17,13.65,14.7,14.5,99,2,4,9,0,49.5
20220908,18,13.9,14.75,13.9,95,1,4,9,0,55
20220908,19,14.7,14.65,13.5,93,0,4,9,0,53.5
20220908,20,13.95,14.25,13.55,95.5,1,4,9,0,58.5
20220908,21,13.8,14.5,12.7,89,0,4,9,0,55.5
20220908,22,13.15,14.3,12.35,88,0,4,9,0,39.25
20220908,23,12.600000000000001,13.3,13.2,99.5,0,4,9,0,38.25
20220909,0,12.4,12.75,12.75,100,1,5,9,0,42.75
20220909,1,12.85,12.75,12.75,100,0,5,9,0,44.75
20220909,2,11.8,11.85,11.85,100,1,5,9,0,37
20220909,3,11.4,11.05,11.05,100,0,5,9,0,37
20220909,4,10.600000000000001,10.75,10.75,100,0,5,9,0,36.5
20220909,5,9.7,10,10,100,0,5,9,0,36.5
20220909,6,9.2,9.35,9.35,100,0,5,9,0,43.5
20220909,7,9.55,10.05,10.05,100,5,5,9,0,42.75
20220909,8,10.3,10.8,10.8,100,6,5,9,0,43.25
20220909,9,12.100000000000001,12.9,12.9,100,6,5,9,0,41
20220909,10,15,15.5,13.15,86,2,5,9,0,39.75
20220909,11,14.399999999999999,16.5,11.100000000000001,70.5,6,5,9,0,40.25
20220909,12,15.8,17.9,10.5,62,2,5,9,0,45
20220909,13,16.2,18.4,9.35,55.5,2,5,9,0,48.5
20220909,14,15.95,18.7,8.65,52,1,5,9,0,46.75
20220909,15,17.9,19.95,8.45,47.5,1,5,9,0,47.5
20220909,16,17,18.9,8.25,50,0,5,9,0,50.25
20220909,17,17.2,17.75,9.149999999999999,57,0,5,9,0,50
20220909,18,16.15,16.9,9.2,60.5,1,5,9,0,49.25
20220909,19,13.350000000000001,15.15,9.4,68.5,1,5,9,0,49
20220909,20,13.75,13.7,10,78.5,0,5,9,0,45.5
20220909,21,11.85,12.75,10.95,89,0,5,9,0,47
20220909,22,12,12.350000000000001,11,91.5,0,5,9,0,38
20220909,23,12.4,12,11.3,95.5,0,5,9,0,41
20220910,0,12,11.7,11.5,99,3,6,9,0,41.5
20220910,1,11.8,11.55,11.350000000000001,99,0,6,9,0,41.25
20220910,2,11.8,11.7,11.5,99,0,6,9,0,41.5
20220910,3,12,12.35,12.15,99,0,6,9,0,41.25
20220910,4,8.85,11.15,11.15,100,0,6,9,0,40.75
20220910,5,7.449999999999999,10.35,10.35,100,0,6,9,0,32.75
20220910,6,8.55,10.3,10.3,100,0,6,9,0,32.5
20220910,7,9.05,10.25,10.25,100,0,6,9,0,28.5
20220910,8,9.75,10.600000000000001,10.600000000000001,100,2,6,9,0,42.25
20220910,9,10.2,11.6,11.6,100,2,6,9,0,46.75
20220910,10,11.3,12.850000000000001,11.6,92.5,6,6,9,0,50.5
20220910,11,10.649999999999999,12.95,9.65,80.5,0,6,9,0,51
20220910,12,10.55,13.9,9.4,74.5,1,6,9,0,50
20220910,13,11.4,14.6,8.55,67,2,6,9,0,51.5
20220910,14,10.100000000000001,14.15,7.8,65.5,3,6,9,0,50
20220910,15,10.35,14.85,7.3500000000000005,61,3,6,9,0,49.5
20220910,16,9.65,14.65,5.45,54,1,6,9,0,51
20220910,17,8.25,13.45,4.45,54.5,0,6,9,0,49.25
20220910,18,7.85,11.8,3.9,58.5,0,6,9,0,33.75
20220910,19,6.85,11.25,3.75,60,0,6,9,0,32.25
20220910,20,6.15,10.85,4.2,63.5,0,6,9,0,32.5
20220910,21,6.9,10.45,5.05,69,0,6,9,0,32.5
20220910,22,7.199999999999999,10.6,4.95,68,0,6,9,0,33
20220910,23,7.35,10.25,4.4,67,0,6,9,0,42
20220911,0,6.699999999999999,9.3,4.300000000000001,71,2,7,9,0,41.5
20220911,1,6.4,9.2,4.2,71,1,7,9,0,42
20220911,2,5.15,8.6,3.8499999999999996,72,0,7,9,0,37
20220911,3,5.55,8.6,3.8,72,0,7,9,0,32.25
20220911,4,5.5,8.6,3.75,71.5,0,7,9,0,32.5
20220911,5,5.55,8.6,3.8,72,0,7,9,0,32.25
20220911,6,5.8,8.7,3.6,70.5,1,7,9,0,31
20220911,7,5,9.2,3.7,68.5,1,7,9,0,28.75
20220911,8,6.199999999999999,10.15,4.2,66.5,7,7,9,0,41.25
20220911,9,7.75,11.75,3.9000000000000004,58.5,4,7,9,0,48.75
20220911,10,8.65,12.75,4.199999999999999,56,2,7,9,0,49
20220911,11,9.95,13.75,4.85,55,0,7,9,0,48.5
20220911,12,9.95,13.6,4.75,55,4,7,9,0,49
20220911,13,11.1,15.1,5,51,1,7,9,0,49.25
20220911,14,11.05,15.25,4.9,50,2,7,9,0,48.5
20220911,15,11.100000000000001,15.55,4.6,48,0,7,9,0,47
20220911,16,11.100000000000001,15.05,5,51,3,7,9,0,47.75
20220911,17,11.05,14.2,6.25,59,1,7,9,0,47.5
20220911,18,10.2,11.75,10.45,92,0,7,9,0,34.25
20220911,19,7.8999999999999995,10.55,10.55,100,0,7,9,0,32.25
20220911,20,7.85,9.9,9.9,100,0,7,9,0,32.5
20220911,21,8.399999999999999,9.9,9.9,100,0,7,9,0,32.5
20220911,22,8.4,9.75,9.75,100,0,7,9,0,37.25
20220911,23,8.2,9.5,9.5,100,0,7,9,0,44
20220912,0,7.65,9.45,9.45,100,2,1,9,0,45.5
20220912,1,8.2,9.5,9.4,99,0,1,9,0,40.25
20220912,2,7.65,9.350000000000001,9.25,99,0,1,9,0,33
20220912,3,6.95,8.7,8.600000000000001,99,0,1,9,0,32.25
20220912,4,7.1,8.7,8.6,99,0,1,9,0,32.75
20220912,5,6.2,8.5,8.25,98,1,1,9,0,35.25
20220912,6,5.300000000000001,7.45,7.35,99,2,1,9,0,48
20220912,7,5.9,8.3,7.65,95.5,4,1,9,0,48.75
20220912,8,5.85,9.149999999999999,7.2,87.5,5,1,9,0,49
20220912,9,6.5,10.2,6.3,76.5,6,1,9,0,45.5
20220912,10,7.5,11.05,6.15,71.5,5,1,9,0,46.75
20220912,11,8.35,12.5,5.05,60.5,7,1,9,0,47.75
20220912,12,8.75,13,5.5,60.5,5,1,9,0,50.5
20220912,13,8.3,12.25,6.300000000000001,67,5,1,9,0,50.25
20220912,14,7.75,12.05,5.75,65.5,2,1,9,0,51.75
20220912,15,8.45,11.85,5.9,67,0,1,9,0,51.25
20220912,16,5.9,10.85,5.15,68,3,1,9,0,51.25
20220912,17,6.7,10.2,6.4,77.5,2,1,9,0,52
20220912,18,5.8,10.05,4.75,69.5,1,1,9,0,53
20220912,19,6.050000000000001,8.8,7.05,89,1,1,9,0,55
20220912,20,6.85,8.350000000000001,7.95,97,0,1,9,0,52.75
20220912,21,6.85,8.35,7.550000000000001,94.5,0,1,9,0,52.25
20220912,22,7.35,8.05,7.7,97.5,0,1,9,0,38
20220912,23,6.6,7.550000000000001,7.5,99.5,0,1,9,0,38.25
20220913,0,6.1,7.35,7.35,100,2,2,9,0,42.25
20220913,1,6.1,7.15,7.15,100,0,2,9,0,44.5
20220913,2,6.300000000000001,7,7,100,0,2,9,0,32.75
20220913,3,4.9,6.3,6.3,100,0,2,9,0,32.75
20220913,4,3.1,5.4,5.4,100,0,2,9,0,32.25
20220913,5,3.9,5.65,5.65,100,1,2,9,0,33
20220913,6,3.1,4.800000000000001,4.800000000000001,100,3,2,9,0,47.5
20220913,7,4.4,5.6,5.6,100,4,2,9,0,50.25
20220913,8,5.15,6.699999999999999,6.65,99.5,10,2,9,0,46.5
20220913,9,6.199999999999999,7.9,7.45,97,7,2,9,0,45.75
20220913,10,7.6,9.8,5.75,76,6,2,9,0,49.25
20220913,11,7.550000000000001,10.65,4.45,65.5,2,2,9,0,50
20220913,12,8.8,11.35,4.35,62,1,2,9,0,54.75
20220913,13,9.1,11.55,3.55,58,5,2,9,0,51.75
20220913,14,9.5,12,3.65,56.5,2,2,9,0,50.75
20220913,15,8.55,11.55,5.1,64.5,4,2,9,0,48.25
20220913,16,10.25,12.600000000000001,3.1500000000000004,52.5,1,2,9,0,47.5
20220913,17,9.3,11.45,3.0999999999999996,56.5,4,2,9,0,52
20220913,18,7.55,9.850000000000001,3.8,66,0,2,9,0,65
20220913,19,7.050000000000001,9.3,4.3,71,0,2,9,0,71.75
20220913,20,5.300000000000001,7.7,5.15,84,0,2,9,0,71
20220913,21,5.050000000000001,7.25,5.25,87,0,2,9,0,70
20220913,22,5,6,5.45,96,0,2,9,0,47
20220913,23,3.0999999999999996,4.65,4.65,100,0,2,9,0,37.25
20220914,0,2.5999999999999996,4.1,4.1,100,2,3,9,0,40.5
20220914,1,1.75,3.2,3.2,100,0,3,9,0,39.25
20220914,2,1.3,3,3,100,0,3,9,0,31.75
20220914,3,-0.2,2.0999999999999996,2.0999999999999996,100,0,3,9,0,32
20220914,4,-0.05,1.7,1.7,100,0,3,9,0,31.5
20220914,5,-0.6,1.2,1.2,100,1,3,9,0,34
20220914,6,-0.7,1.1,1.1,100,0,3,9,0,51
20220914,7,1.15,2.85,2.85,100,5,3,9,0,50.5
20220914,8,3.1,5.6,5.550000000000001,99.5,4,3,9,0,51.75
20220914,9,8.65,11.600000000000001,5.25,65.5,7,3,9,0,49.75
20220914,10,9.8,13.65,4.699999999999999,54.5,7,3,9,0,48
20220914,11,10.25,14.600000000000001,4,49,15,3,9,0,44.75
20220914,12,12.5,16.3,5.9,50,6,3,9,0,47.5
20220914,13,13.600000000000001,17.1,4.45,43,7,3,9,0,47.75
20220914,14,13.1,17.4,4.2,41.5,4,3,9,0,47.25
20220914,15,12.25,16.45,2.85,40,2,3,9,0,47.5
20220914,16,12.35,15.95,3.8499999999999996,44.5,2,3,9,0,50
20220914,17,11.149999999999999,15.05,4.6,49.5,2,3,9,0,49.75
20220914,18,11.6,14.45,4.9,52.5,3,3,9,0,61.5
20220914,19,11.5,14.4,4.55,51.5,1,3,9,0,66.25
20220914,20,11.600000000000001,14.45,5,53,0,3,9,0,62.25
20220914,21,11.85,14.8,5.300000000000001,53,0,3,9,0,60.75
20220914,22,11.35,13.45,7.3,67,0,3,9,0,44
20220914,23,10.2,10.95,10.85,99.5,0,3,9,0,37.5
20220915,0,8.7,10.6,10.6,100,1,4,9,0,40.75
20220915,1,8.35,10.9,10.9,100,0,4,9,0,41.25
20220915,2,8.85,10.850000000000001,10.850000000000001,100,0,4,9,0,32
20220915,3,9,10.649999999999999,10.649999999999999,100,0,4,9,0,31.5
20220915,4,9.55,10.8,10.8,100,0,4,9,0,31.5
20220915,5,9.899999999999999,11.15,10.8,98,1,4,9,0,32.5
20220915,6,10.2,11.85,9.899999999999999,88,9,4,9,0,45.5
20220915,7,10.95,12.3,9.7,84,2,4,9,0,46
20220915,8,11.4,12.95,9.65,80.5,6,4,9,0,45.75
20220915,9,11.95,13.649999999999999,9.8,77.5,8,4,9,0,44
20220915,10,12.350000000000001,14.350000000000001,10.25,76.5,2,4,9,0,43.5
20220915,11,12.7,14.95,9.8,71.5,5,4,9,0,47
20220915,12,12.8,14.95,10.25,73.5,8,4,9,0,51.5
20220915,13,12.8,14.65,10.649999999999999,77,5,4,9,0,49.25
20220915,14,13.1,14.8,11.2,79,3,4,9,0,49.25
20220915,15,13.55,15,11.399999999999999,79,2,4,9,0,48.5
20220915,16,13.7,14.4,11.8,84.5,2,4,9,0,49.75
20220915,17,12.899999999999999,14.25,11.95,86,1,4,9,0,53.75
20220915,18,13.7,13.8,12.2,90,0,4,9,0,57
20220915,19,13.45,13.25,12.55,95.5,1,4,9,0,58
20220915,20,13.5,12.7,12.5,99,1,4,9,0,54.5
20220915,21,12.45,12.350000000000001,12.149999999999999,99,1,4,9,0,52.75
20220915,22,11.7,11.9,11.8,99.5,0,4,9,0,38.75
20220915,23,11.05,10.95,10.95,100,0,4,9,0,38
20220916,0,10.7,10.65,10.65,100,1,5,9,0,40.25
20220916,1,8.35,10,10,100,0,5,9,0,41.25
20220916,2,9.4,9.5,9.5,100,0,5,9,0,33.25
20220916,3,7.35,8.85,8.85,100,0,5,9,0,32.5
20220916,4,7.35,8.35,8.35,100,0,5,9,0,31.5
20220916,5,7.1,7.95,7.95,100,1,5,9,0,34.25
20220916,6,7.15,7.85,7.85,100,8,5,9,0,47.5
20220916,7,7.3,8.850000000000001,8.850000000000001,100,4,5,9,0,49
20220916,8,10.600000000000001,12.5,10.899999999999999,90.5,6,5,9,0,48.75
20220916,9,11.05,14.05,10.25,78,9,5,9,0,46.75
20220916,10,11.15,15.15,8.35,64,4,5,9,0,44.5
20220916,11,11.5,15.45,8.1,61.5,5,5,9,0,44.5
20220916,12,11.8,16.25,7.6,56.5,1,5,9,0,50.75
20220916,13,11.2,15.55,7.699999999999999,59.5,1,5,9,0,46.25
20220916,14,11.85,15.85,8.8,63,3,5,9,0,44.5
20220916,15,11.600000000000001,14.25,11.100000000000001,81.5,1,5,9,0,43.75
20220916,16,9.4,12.1,11.65,97,0,5,9,0,48.25
20220916,17,9.5,10.75,10.75,100,3,5,9,0,50.25
20220916,18,10.5,11,10.8,99,1,5,9,0,49
20220916,19,10.55,11.1,10.2,94.5,0,5,9,0,50.25
20220916,20,9.399999999999999,11.4,9.4,87.5,0,5,9,0,49.75
20220916,21,8.25,10.85,9.35,90.5,2,5,9,0,45.25
20220916,22,8,10.4,8.75,89.5,0,5,9,0,34.75
20220916,23,7.6,9.899999999999999,8.2,89,0,5,9,0,32.75
20220917,0,7.35,9.55,8.6,94,3,6,9,0,40
20220917,1,7.15,9.2,8.399999999999999,95,0,6,9,0,41.25
20220917,2,7,9.35,8.05,91.5,1,6,9,0,41.75
20220917,3,7.05,9.45,8.45,93.5,1,6,9,0,41.25
20220917,4,7.35,8.9,8.7,98.5,0,6,9,0,41.5
20220917,5,7.3,8.95,8.55,97.5,0,6,9,0,38.25
20220917,6,6.55,9.25,8.350000000000001,94,0,6,9,0,29.75
20220917,7,6.6,9.8,8.55,92,2,6,9,0,27.75
20220917,8,6.6,10.649999999999999,8.5,86.5,13,6,9,0,44.5
20220917,9,7.25,11.75,8.6,81,2,6,9,0,47.5
20220917,10,8.5,11.600000000000001,8.850000000000001,83,2,6,9,0,48.75
20220917,11,7.25,11.649999999999999,7.45,75.5,6,6,9,0,50
20220917,12,7.300000000000001,12,7.8,75.5,2,6,9,0,50.75
20220917,13,9.2,13.1,8.25,72.5,2,6,9,0,49.75
20220917,14,7.366666666666667,12.5,8.666666666666666,77.66666666666667,1,6,9,0,50
20220917,15,9.35,11.3,11.05,98.5,6,6,9,0,50.25
20220917,16,8.7,11.2,11.1,99.5,3,6,9,0,49.75
20220917,17,7.85,10.75,9.649999999999999,93,0,6,9,0,48.5
20220917,18,8.75,10.649999999999999,9.1,90,0,6,9,0,35.5
20220917,19,8.7,10.9,10.05,94.5,0,6,9,0,33
20220917,20,8.2,10.8,9.35,90.5,0,6,9,0,32.5
20220917,21,7.85,10.6,7.949999999999999,83.5,0,6,9,0,32.25
20220917,22,8.100000000000001,10.7,7.6,81,0,6,9,0,32.25
20220917,23,7.949999999999999,10.9,7.2,78,0,6,9,0,32.5
20220918,0,7.300000000000001,10.6,6.55,76,11,7,9,0,38.5
20220918,1,8.5,10.8,6.7,76,0,7,9,0,44.5
20220918,2,7.8999999999999995,11,7.300000000000001,78,0,7,9,0,43.75
20220918,3,8.15,10.05,9.850000000000001,98.5,1,7,9,0,43.5
20220918,4,8.05,9.75,9.55,98.5,0,7,9,0,44.5
20220918,5,7.699999999999999,10.3,8.5,88.5,0,7,9,0,44.5
20220918,6,7.55,10,9.149999999999999,94.5,0,7,9,0,37.25
20220918,7,8.7,9.95,9.1,94.5,2,7,9,0,28.75
20220918,8,8.95,10.75,9.5,92,5,7,9,0,41.25
20220918,9,9.55,11.9,8.7,81,4,7,9,0,43.75
20220918,10,8.25,11.55,9.4,86.5,3,7,9,0,46.25
20220918,11,9.9,12.65,8.6,76.5,3,7,9,0,47.75
20220918,12,10.149999999999999,13.8,9.05,73,2,7,9,0,50.25
20220918,13,9.65,13.15,9.399999999999999,78.5,0,7,9,0,50.25
20220918,14,12.6,14.399999999999999,11.45,82.5,2,7,9,0,48.25
20220918,15,7.9,11.45,10.2,92,0,7,9,0,50.75
20220918,16,10.3,12.399999999999999,11.25,93,1,7,9,0,52
20220918,17,11.45,12.8,10.05,83.5,1,7,9,0,51.5
20220918,18,11.25,11.7,10.95,95.5,0,7,9,0,34
20220918,19,8.7,10.3,10.3,100,0,7,9,0,31.75
20220918,20,7.65,9.9,9.9,100,1,7,9,0,32
20220918,21,7.05,9.149999999999999,9.149999999999999,100,1,7,9,0,32.25
20220918,22,6.9,9.15,9.05,99,0,7,9,0,38
20220918,23,6.949999999999999,9.350000000000001,9.25,99,1,7,9,0,41.25
20220919,0,6.6,9.3,9.05,98.5,5,1,9,0,41.75
20220919,1,5.9,9.2,8.85,97.5,0,1,9,0,41
20220919,2,6.4,9.1,8.2,94,0,1,9,0,33.5
20220919,3,5.45,8.2,7,92,0,1,9,0,32.5
20220919,4,5.35,8,6.8,92,1,1,9,0,31.75
20220919,5,4.9,7.85,6.05,88.5,0,1,9,0,35
20220919,6,5.05,7.199999999999999,6.15,93,11,1,9,0,47.75
20220919,7,6.2,8.35,6.85,90.5,4,1,9,0,48
20220919,8,7.300000000000001,10,7.050000000000001,82,6,1,9,0,49
20220919,9,8.25,11.8,6.8,71.5,10,1,9,0,48
20220919,10,9.75,13.3,7,65.5,4,1,9,0,46.75
20220919,11,10.1,13.75,6.5,61.5,4,1,9,0,46
20220919,12,9.7,13.8,6.05,59.5,5,1,9,0,47.5
20220919,13,10.850000000000001,14.3,6.6,60,0,1,9,0,43.25
20220919,14,12.399999999999999,15.7,6.300000000000001,53.5,3,1,9,0,42.75
20220919,15,11.8,14.100000000000001,8.9,71,1,1,9,0,43.5
20220919,16,11.75,13.600000000000001,9.899999999999999,78.5,2,1,9,0,50.25
20220919,17,12.8,13.45,10.15,80.5,3,1,9,0,53.5
20220919,18,11.85,13.4,8.5,72.5,3,1,9,0,53.25
20220919,19,10.65,12.65,8.8,77.5,0,1,9,0,56.75
20220919,20,11.95,12,9.55,85,0,1,9,0,54.5
20220919,21,10.6,11.3,10.35,94,1,1,9,0,52
20220919,22,10.2,10.45,10.25,98.5,1,1,9,0,38
20220919,23,9,9.5,9.45,99.5,0,1,9,0,39
20220920,0,8,8.95,8.95,100,2,2,9,0,41.25
20220920,1,7.199999999999999,8.15,8.15,100,0,2,9,0,41.5
20220920,2,5.800000000000001,7.15,7.15,100,0,2,9,0,32.25
20220920,3,4.05,6.25,6.25,100,0,2,9,0,32.25
20220920,4,3.45,5.75,5.75,100,0,2,9,0,32
20220920,5,4.25,5.300000000000001,5.300000000000001,100,2,2,9,0,32.75
20220920,6,3.45,5.1,5.1,100,12,2,9,0,47
20220920,7,5.050000000000001,6.45,6.45,100,8,2,9,0,48.75
20220920,8,7.65,9,8.95,99.5,6,2,9,0,47.5
20220920,9,11.95,13.95,8.55,70,2,2,9,0,46
20220920,10,13.350000000000001,15.4,6.9,57,11,2,9,0,46.25
20220920,11,14.05,16.75,7.35,54,6,2,9,0,45
20220920,12,15.05,17.5,6.800000000000001,49.5,5,2,9,0,47.25
20220920,13,15.850000000000001,18.25,7.05,48,4,2,9,0,46.25
20220920,14,17.2,19.3,8.149999999999999,48.5,4,2,9,0,46.25
20220920,15,16.6,19.5,7.25,45,3,2,9,0,45.25
20220920,16,15.649999999999999,18,7.85,51.5,0,2,9,0,45.75
20220920,17,15,17.3,6.15,48,2,2,9,0,51.5
20220920,18,13.75,16.05,6.5,53,0,2,9,0,64.5
20220920,19,13.55,14.600000000000001,7.2,61,0,2,9,0,65.75
20220920,20,13.35,13.85,7.85,67,0,2,9,0,66
20220920,21,13.100000000000001,13.649999999999999,8.350000000000001,70.5,0,2,9,0,61.75
20220920,22,12.45,13.7,8.4,70.5,1,2,9,0,43.25
20220920,23,12,14.3,7.550000000000001,64,0,2,9,0,42.25
20220921,0,12.05,13.55,7.65,67.5,0,3,9,0,44.75
20220921,1,11.350000000000001,13.149999999999999,7.95,70.5,0,3,9,0,44.75
20220921,2,11.649999999999999,13.3,8.1,70.5,3,3,9,0,35.5
20220921,3,12.9,13.5,8.2,70.5,0,3,9,0,35
20220921,4,12.8,14.35,8.5,68,0,3,9,0,35
20220921,5,11.45,12.85,9.75,81.5,2,3,9,0,35
20220921,6,10.7,12.3,9.850000000000001,85,10,3,9,0,48.5
20220921,7,12.35,12.3,11.25,93.5,6,3,9,0,50.75
20220921,8,13.850000000000001,13.600000000000001,10.6,82,9,3,9,0,51
20220921,9,15.1,14.65,12.05,84.5,11,3,9,0,50.25
20220921,10,15.9,15.35,11.8,79.5,8,3,9,0,51
20220921,11,17.05,16.75,11.55,71.5,8,3,9,0,51.75
20220921,12,18.25,18.3,11.6,65,4,3,9,0,52.75
20220921,13,17.4,19.450000000000003,9.05,51,5,3,9,0,51
20220921,14,17.95,19.299999999999997,9.5,53,1,3,9,0,49
20220921,15,18.75,19.15,10.45,57,2,3,9,0,48.5
20220921,16,18.35,19.2,10.899999999999999,58.5,1,3,9,0,49.25
20220921,17,18.15,18.6,10.95,61,2,3,9,0,52
20220921,18,17.35,17.85,10.1,60.5,1,3,9,0,53.5
20220921,19,16.9,16.75,10.45,66.5,1,3,9,0,64
20220921,20,16.1,15.850000000000001,11.5,75.5,0,3,9,0,53.75
20220921,21,14.45,14.8,12.6,86.5,0,3,9,0,59.75
20220921,22,14.95,14,12.9,93.5,0,3,9,0,42.25
20220921,23,13.8,13.05,12.95,99.5,0,3,9,0,37.5
20220922,0,12.65,12,12,100,1,4,9,1,40
20220922,1,11.55,11.149999999999999,11.149999999999999,100,0,4,9,1,41.25
20220922,2,11.05,11.25,11.25,100,0,4,9,1,35.25
20220922,3,10.5,10.350000000000001,10.350000000000001,100,0,4,9,1,32
20220922,4,10,10.25,10.25,100,0,4,9,1,31.75
20220922,5,9.2,9.35,9.35,100,12,4,9,1,32
20220922,6,8.600000000000001,8.85,8.85,100,3,4,9,1,42.25
20220922,7,9.35,9.899999999999999,9.899999999999999,100,1,4,9,1,45.25
20220922,8,12.35,11.75,11.75,100,3,4,9,1,46.5
20220922,9,14.1,14.25,13.35,94.5,4,4,9,1,47.75
20220922,10,15.8,16.5,12.05,75,2,4,9,1,48.75
20220922,11,16.35,17.75,12.8,73,7,4,9,1,49.25
20220922,12,16.4,17.75,13.55,76.5,2,4,9,1,48.25
20220922,13,17.25,18.6,13,70,1,4,9,1,47.5
20220922,14,17.8,19.1,13.05,68,1,4,9,1,45.75
20220922,15,17.200000000000003,18.7,13,69.5,3,4,9,1,45.25
20220922,16,15.45,16.75,12.5,76,0,4,9,1,45.5
20220922,17,14.35,15.3,13.55,89.5,1,4,9,1,45.5
20220922,18,13.75,14.2,14,99,1,4,9,1,46.25
20220922,19,13.7,13.8,13.8,100,0,4,9,1,49.5
20220922,20,13.75,13.8,13.7,99.5,0,4,9,1,46.5
20220922,21,14.25,13.5,13.5,100,1,4,9,1,45.75
20220922,22,14.15,13.3,13.3,100,1,4,9,1,38.75
20220922,23,13.399999999999999,13.3,13.3,100,0,4,9,1,39.5
20220923,0,14.05,13.1,13.1,100,1,5,9,1,41
20220923,1,13.6,13,13,100,1,5,9,1,41.25
20220923,2,13.9,13,13,100,1,5,9,1,33
20220923,3,13.399999999999999,13.1,13.1,100,0,5,9,1,31.75
20220923,4,12.8,13,13,100,0,5,9,1,32
20220923,5,12.5,12.850000000000001,12.850000000000001,100,0,5,9,1,32.25
20220923,6,13.5,12.8,12.8,100,0,5,9,1,30.5
20220923,7,12.850000000000001,13.05,13.05,100,1,5,9,1,28.5
20220923,8,13.65,13.7,13.7,100,9,5,9,1,40
20220923,9,15.4,14.5,14.1,97.5,4,5,9,1,42
20220923,10,14.95,15.05,13.65,91.5,1,5,9,1,43
20220923,11,15.5,15.35,13.6,89.5,3,5,9,1,45.5
20220923,12,17.65,16.7,14.05,84.5,2,5,9,1,49.75
20220923,13,14.8,15.7,13.2,85,2,5,9,1,48.75
20220923,14,14.2,15.15,13.65,91,4,5,9,1,47.5
20220923,15,12.7,13.95,13.85,99.5,1,5,9,1,48.75
20220923,16,11.65,13,12.9,99.5,1,5,9,1,48.75
20220923,17,11.600000000000001,13.05,12.05,94,3,5,9,1,49
20220923,18,10.95,12.850000000000001,11.100000000000001,89,0,5,9,1,35.75
20220923,19,10.8,12.25,11.35,94.5,0,5,9,1,34.75
20220923,20,11.65,12.5,12.149999999999999,98,0,5,9,1,34.75
20220923,21,11.3,12.5,12.3,99,0,5,9,1,35
20220923,22,9.95,11.95,11.4,96.5,0,5,9,1,41.5
20220923,23,8.75,11.3,10.899999999999999,97.5,0,5,9,1,43.25
20220924,0,8.95,10.95,10.8,99,2,6,9,0,43.25
20220924,1,8.85,11.1,9.85,92,1,6,9,0,43.5
20220924,2,9,10.95,9.5,90.5,1,6,9,0,40.75
20220924,3,8.95,10.850000000000001,9.05,88.5,0,6,9,0,34.75
20220924,4,8.55,10.649999999999999,8.3,85.5,0,6,9,0,34.75
20220924,5,6.7,9.8,6.4,79.5,0,6,9,0,35
20220924,6,6.65,9.350000000000001,5.6,77.5,0,6,9,0,32
20220924,7,7.2,9.850000000000001,5.05,72,1,6,9,0,32.25
20220924,8,7.35,11.25,6.35,72,9,6,9,0,43.75
20220924,9,7.550000000000001,11.55,5.75,67.5,1,6,9,0,49.25
20220924,10,8.55,12.7,5.95,63.5,2,6,9,0,51.25
20220924,11,9.15,13.75,4.75,54.5,9,6,9,0,50.75
20220924,12,8.85,13.649999999999999,4,52,4,6,9,0,51.25
20220924,13,8.55,13,4.550000000000001,56.5,3,6,9,0,50.5
20220924,14,9.2,13.65,5.4,57.5,0,6,9,0,50.25
20220924,15,9.100000000000001,13.55,5.6,58.5,1,6,9,0,49.75
20220924,16,9.5,13.5,4.9,56,0,6,9,0,50.25
20220924,17,8.15,12.2,4.55,59.5,2,6,9,0,51.25
20220924,18,7.6,10.7,5.55,70.5,0,6,9,0,34.75
20220924,19,7.6,9.9,6.45,79,0,6,9,0,32.25
20220924,20,8.2,9.15,7.449999999999999,89,0,6,9,0,31.5
20220924,21,8.2,8.7,7.95,95,0,6,9,0,31.5
20220924,22,7.25,7.8,7.6,98.5,0,6,9,0,33.75
20220924,23,5.65,6.95,6.85,99,0,6,9,0,40.75
20220925,0,4.75,6.05,6.05,100,2,7,9,0,41
20220925,1,4.6,6.05,6.05,100,1,7,9,0,40.75
20220925,2,5.199999999999999,6.1,6.1,100,2,7,9,0,39.25
20220925,3,3.8,4.949999999999999,4.949999999999999,100,0,7,9,0,32
20220925,4,1.2,3.8,3.8,100,0,7,9,0,31.75
20220925,5,2.05,3.45,3.45,100,0,7,9,0,31.75
20220925,6,1.4,3.05,3.05,100,0,7,9,0,28.5
20220925,7,3.5,5.15,5.15,100,2,7,9,0,27.5
20220925,8,6,7.699999999999999,7.65,99.5,9,7,9,0,45.25
20220925,9,8.850000000000001,11.25,7.05,75.5,4,7,9,0,48
20220925,10,10.35,13.55,5.05,56.5,4,7,9,0,47.75
20220925,11,12.15,15.100000000000001,2.75,43.5,3,7,9,0,47.5
20220925,12,13.8,16.6,4.15,43.5,3,7,9,0,47.5
20220925,13,14.649999999999999,17.6,5.2,44,3,7,9,0,48.75
20220925,14,14.350000000000001,17.65,5.4,44.5,1,7,9,0,47.75
20220925,15,15.1,17.799999999999997,5.75,45,2,7,9,0,45.5
20220925,16,14.7,17.2,6.55,49.5,0,7,9,0,45.5
20220925,17,14.65,16.6,6.85,52.5,0,7,9,0,44.75
20220925,18,13.3,15.45,6.05,53.5,0,7,9,0,33.75
20220925,19,12.35,14.399999999999999,6.4,58.5,0,7,9,0,31.75
20220925,20,12,12.75,6.8,67,0,7,9,0,31.75
20220925,21,11.100000000000001,11.75,7.25,74,0,7,9,0,31.5
20220925,22,9.3,11.1,7.5,78.5,0,7,9,0,37.5
20220925,23,9.850000000000001,10.75,7.699999999999999,81.5,0,7,9,0,42
20220926,0,8.600000000000001,10.6,7.9,83.5,3,1,9,0,41.5
20220926,1,8.65,10.55,8.149999999999999,85,0,1,9,0,39.75
20220926,2,8.350000000000001,10.45,8.149999999999999,85.5,1,1,9,0,32.25
20220926,3,8.35,10.149999999999999,8.649999999999999,90.5,1,1,9,0,32
20220926,4,8.9,10.4,8.75,89.5,0,1,9,0,31.5
20220926,5,9,10.2,9.1,93,10,1,9,0,32.5
20220926,6,8.55,10.2,9.05,92.5,1,1,9,0,40.75
20220926,7,9.75,10.350000000000001,10.149999999999999,99,5,1,9,0,42.75
20220926,8,11.600000000000001,12.4,10.6,89,5,1,9,0,44.75
20220926,9,13.1,13.65,10.55,81.5,4,1,9,0,44.25
20220926,10,13.75,14.75,9.399999999999999,70.5,5,1,9,0,45.5
20220926,11,12.95,14.8,9.100000000000001,68.5,4,1,9,0,45.5
20220926,12,13.45,15,8.8,66.5,2,1,9,0,47
20220926,13,13.7,15,9.85,71.5,6,1,9,0,51.75
20220926,14,13.5,14.8,9.5,70.5,2,1,9,0,51.5
20220926,15,11.85,12.8,11.399999999999999,91.5,0,1,9,0,51.25
20220926,16,11.9,12.05,11.95,99.5,1,1,9,0,49.75
20220926,17,11.05,11.55,11.55,100,0,1,9,0,51.25
20220926,18,10.55,11.149999999999999,11.149999999999999,100,1,1,9,0,51
20220926,19,10.25,11,11,100,0,1,9,0,55
20220926,20,9.75,11.1,11,99.5,0,1,9,0,55.5
20220926,21,11.4,11.1,10.9,99,0,1,9,0,54
20220926,22,10.649999999999999,10.9,10.9,100,1,1,9,0,40.5
20220926,23,10,10.9,10.9,100,0,1,9,0,40.75
20220927,0,11.1,10.95,10.95,100,1,2,9,0,41
20220927,1,11.149999999999999,10.850000000000001,10.850000000000001,100,0,2,9,0,41.5
20220927,2,11,10.9,10.9,100,0,2,9,0,34
20220927,3,11.1,10.8,10.8,100,0,2,9,0,33
20220927,4,11,10.75,10.75,100,0,2,9,0,32
20220927,5,10.55,10.55,10.55,100,11,2,9,0,35.25
20220927,6,10.3,10.649999999999999,10.649999999999999,100,3,2,9,0,42
20220927,7,10.55,11.3,11.3,100,10,2,9,0,44.25
20220927,8,11.75,12.45,12.35,99.5,8,2,9,0,47.25
20220927,9,13.05,13.55,13.25,98,13,2,9,0,45.75
20220927,10,12.899999999999999,14.7,12.7,88,4,2,9,0,48
20220927,11,13.25,14.399999999999999,11.8,84.5,7,2,9,0,50
20220927,12,13.45,13.75,13.6,99,3,2,9,0,53.5
20220927,13,13.05,13.45,13.45,100,5,2,9,0,51.25
20220927,14,14.65,14.95,14.95,100,3,2,9,0,50
20220927,15,15.45,15.4,14.850000000000001,96.5,2,2,9,0,50
20220927,16,13.15,14.65,14.25,97.5,2,2,9,0,51
20220927,17,12.8,13.7,13.7,100,3,2,9,0,52.5
20220927,18,11.95,13.2,13.2,100,1,2,9,0,54
20220927,19,11.95,13.05,13.05,100,0,2,9,0,53.5
20220927,20,12.05,13,13,100,0,2,9,0,53
20220927,21,12.15,12.8,12.8,100,0,2,9,0,51
20220927,22,11.899999999999999,12.9,12.9,100,0,2,9,0,41.75
20220927,23,12.05,13,13,100,0,2,9,0,41
20220928,0,12.2,13,13,100,4,3,9,0,44
20220928,1,12.1,12.9,12.9,100,0,3,9,0,44
20220928,2,11.149999999999999,12.75,12.75,100,1,3,9,0,36
20220928,3,11.2,12.649999999999999,12.649999999999999,100,1,3,9,0,35
20220928,4,10.649999999999999,12.5,12.5,100,0,3,9,0,34.75
20220928,5,10.8,12.2,12.2,100,0,3,9,0,35.25
20220928,6,11.2,12.2,12.2,100,8,3,9,0,44.75
20220928,7,10.45,12.2,12.2,100,3,3,9,0,46
20220928,8,10.5,12.85,12.85,100,11,3,9,0,45.25
20220928,9,12.65,14,13.6,97.5,10,3,9,0,46.5
20220928,10,13.65,14.350000000000001,13.649999999999999,95.5,4,3,9,0,47.25
20220928,11,12.75,14.95,12.100000000000001,83.5,2,3,9,0,45
20220928,12,11.25,15.1,10.600000000000001,74.5,6,3,9,0,48.75
20220928,13,11.899999999999999,15.4,10.8,74,2,3,9,0,48.5
20220928,14,11.75,15.3,10.7,74,2,3,9,0,46.75
20220928,15,10.6,14.399999999999999,10.6,78,0,3,9,0,45.75
20220928,16,9.8,13.7,10.75,82.5,2,3,9,0,48
20220928,17,9.7,13.05,10.05,82,2,3,9,0,47.75
20220928,18,9.05,12.6,9.8,83,0,3,9,0,47.5
20220928,19,9.5,12.3,9.350000000000001,82,1,3,9,0,64.25
20220928,20,8.649999999999999,11.95,8.8,81,0,3,9,0,65.75
20220928,21,8.9,11.3,8.8,84.5,0,3,9,0,63.75
20220928,22,8.1,11.45,7.85,78.5,0,3,9,0,58.25
20220928,23,8.75,11.3,7.1,75.5,0,3,9,0,56.75
20220929,0,8.5,11.1,7,76,2,4,9,0,60.5
20220929,1,8.4,10.850000000000001,6.75,76,1,4,9,0,61.5
20220929,2,7.8,10.7,6.55,75.5,0,4,9,0,52.75
20220929,3,8.899999999999999,10.55,7.050000000000001,79,0,4,9,0,51
20220929,4,8,10.649999999999999,6.75,77,0,4,9,0,51.25
20220929,5,8.15,10.649999999999999,7.25,79.5,8,4,9,0,50.75
20220929,6,8.45,10.55,7.550000000000001,81.5,2,4,9,0,58.75
20220929,7,8.75,11.100000000000001,7.95,81,3,4,9,0,65.5
20220929,8,9,11.95,7.95,76.5,5,4,9,0,66.25
20220929,9,10.350000000000001,12.95,8.45,74,4,4,9,0,66
20220929,10,11.5,13.95,9.100000000000001,72.5,3,4,9,0,65.75
20220929,11,11.6,14.600000000000001,9.2,70,6,4,9,0,66.5
20220929,12,12.3,15,9.7,70.5,5,4,9,0,67
20220929,13,12.25,15.2,10.2,72,1,4,9,0,66
20220929,14,12.95,15.3,10.8,74.5,0,4,9,0,64
20220929,15,14.05,15.8,10.25,69.5,1,4,9,0,62.5
20220929,16,14.05,15.95,10.6,70.5,0,4,9,0,63.75
20220929,17,13.55,15.25,11.05,76,4,4,9,0,65.25
20220929,18,12.649999999999999,13.95,11.3,84,1,4,9,0,73.25
20220929,19,12,13.3,9.850000000000001,79.5,1,4,9,0,70.25
20220929,20,11,12.649999999999999,8.25,74.5,0,4,9,0,61.75
20220929,21,10.25,12.45,7.85,73.5,2,4,9,0,48.25
20220929,22,10.25,11.3,8.7,84,0,4,9,0,41.25
20220929,23,9.3,10.65,9.4,92,0,4,9,0,39.75
20220930,0,9.3,10.25,9.35,94,4,5,9,0,43.25
20220930,1,9.149999999999999,9.7,9.25,97,0,5,9,0,42.75
20220930,2,8.05,8.850000000000001,8.8,99.5,7,5,9,0,34.5
20220930,3,7.75,8.2,8.15,99.5,3,5,9,0,34.5
20220930,4,5.449999999999999,6.449999999999999,6.449999999999999,100,0,5,9,0,34.5
20220930,5,5.199999999999999,6.1,6.1,100,1,5,9,0,34.75
20220930,6,5.3,6.15,6.15,100,0,5,9,0,45.5
20220930,7,7.4,8.5,8.5,100,0,5,9,0,48.75
20220930,8,11.05,11.100000000000001,11,99.5,1,5,9,0,49
20220930,9,12.1,13.1,10.65,85,5,5,9,0,44.75
20220930,10,14.45,15.549999999999999,10.15,70.5,6,5,9,0,44.75
20220930,11,16.55,17.95,10.899999999999999,63.5,4,5,9,0,45.5
20220930,12,16.450000000000003,17.55,11.05,65.5,1,5,9,0,47.5
20220930,13,16.45,18.1,10.1,59.5,6,5,9,0,46.75
20220930,14,18.700000000000003,19.3,10.85,58,3,5,9,0,46.75
20220930,15,16.9,18.450000000000003,10.3,59,1,5,9,0,47
20220930,16,15.75,17.8,9.899999999999999,60,0,5,9,0,46.25
20220930,17,14.45,16.75,8.350000000000001,57.5,4,5,9,0,42.25
20220930,18,13.25,15.35,8.25,62.5,2,5,9,0,44.25
20220930,19,12.3,14.100000000000001,7.949999999999999,66.5,0,5,9,0,49
20220930,20,11.75,12.75,8.15,73.5,0,5,9,0,48.75
20220930,21,10.35,11.45,8.6,82.5,2,5,9,0,49
20220930,22,9.5,10.55,8.65,88,0,5,9,0,38.25
20220930,23,9.7,9.899999999999999,9.05,94.5,0,5,9,0,36.75
20221001,0,8.45,9.35,9.25,99,4,6,10,0,37.75
20221001,1,8,8.65,8.6,99.5,0,6,10,0,37.25
20221001,2,6.8,7.550000000000001,7.550000000000001,100,0,6,10,0,37.5
20221001,3,5.6,7.050000000000001,7.050000000000001,100,0,6,10,0,33
20221001,4,5.05,6,6,100,0,6,10,0,31.75
20221001,5,4.1,5.5,5.5,100,0,6,10,0,31.75
20221001,6,4.4,5.449999999999999,5.449999999999999,100,0,6,10,0,28.5
20221001,7,4.8,6.4,6.4,100,0,6,10,0,28
20221001,8,8.55,9.399999999999999,9.399999999999999,100,16,6,10,0,47
20221001,9,9.55,10.8,9.8,93.5,2,6,10,0,49.75
20221001,10,11.25,12.55,9.1,79.5,9,6,10,0,50
20221001,11,13.350000000000001,14.75,9.2,69.5,4,6,10,0,51.5
20221001,12,14.850000000000001,16.299999999999997,8.75,61,5,6,10,0,52
20221001,13,16.15,17.549999999999997,9.3,58.5,3,6,10,0,47.25
20221001,14,16.65,18.5,7.6,49,4,6,10,0,45.25
20221001,15,18.049999999999997,19.6,8.15,47.5,1,6,10,0,45.25
20221001,16,16.15,18.95,6.25,43.5,2,6,10,0,46
20221001,17,14.85,17.6,7,50,0,6,10,0,44.5
20221001,18,13.2,15.5,8.2,62,2,6,10,0,31.75
20221001,19,11.8,13.65,8.4,70.5,0,6,10,0,32
20221001,20,12.15,13.100000000000001,8.3,72.5,0,6,10,0,32.75
20221001,21,11.3,11.899999999999999,9,82.5,0,6,10,0,32.25
20221001,22,9.9,10.45,9.85,96,0,6,10,0,40.25
20221001,23,8.75,9.75,9.65,99,0,6,10,0,41
20221002,0,8.1,8.600000000000001,8.600000000000001,100,2,7,10,0,41.5
20221002,1,6.550000000000001,7.5,7.5,100,0,7,10,0,41
20221002,3,5.55,6.7,6.7,100,0,7,10,0,32
20221002,4,5.050000000000001,6.15,6.15,100,0,7,10,0,34.5
20221002,5,3.8,5.4,5.4,100,0,7,10,0,31.75
20221002,6,3.95,5.35,5.35,100,0,7,10,0,32
20221002,7,3.75,5.2,5.2,100,3,7,10,0,28
20221002,8,6.6,7.55,7.55,100,9,7,10,0,44
20221002,9,9,9.95,9.75,98.5,3,7,10,0,50
20221002,10,12.55,12.8,11,89.5,7,7,10,0,48.75
20221002,11,14.25,15.45,10,70,4,7,10,0,48.75
20221002,12,14.25,17,8,55.5,2,7,10,0,49.75
20221002,13,13.4,17,7.5,53.5,4,7,10,0,48.25
20221002,14,13.9,17.35,7.4,52,2,7,10,0,49.25
20221002,15,13.5,17.15,6.5,49.5,2,7,10,0,48.5
20221002,16,14.05,17.450000000000003,6.75,49.5,0,7,10,0,45.5
20221002,17,12.3,16.9,2.7,38.5,0,7,10,0,44.25
20221002,18,13.1,15.850000000000001,6.3,53,0,7,10,0,34.25
20221002,19,12.25,14.45,7.15,61.5,0,7,10,0,28.25
20221002,20,11.25,13,8.05,72,0,7,10,0,31.75
20221002,21,11.55,12.05,9.350000000000001,83.5,0,7,10,0,31.75
20221002,22,10.2,11.5,8.25,80.5,0,7,10,0,35
20221002,23,9.75,10.45,8.600000000000001,88.5,0,7,10,0,38.25
20221003,0,8.95,9.149999999999999,9.05,99,1,1,10,0,41
20221003,1,7,7.75,7.75,100,0,1,10,0,36.5
20221003,2,5.25,6.75,6.75,100,1,1,10,0,32.5
20221003,3,5.1,6.3,6.3,100,0,1,10,0,31.5
20221003,4,4.5,5.5,5.5,100,0,1,10,0,31.75
20221003,5,3,4.85,4.85,100,12,1,10,0,33.75
20221003,6,3.55,4.9,4.9,100,1,1,10,0,52.75
20221003,7,1.9,4.75,4.75,100,4,1,10,0,53
20221003,8,5.05,6.4,6.4,100,3,1,10,0,52.75
20221003,9,6.6,8,8,100,10,1,10,0,50
20221003,10,10.25,10.65,9.75,94,2,1,10,0,48.75
20221003,11,12.55,13.7,8.35,70,4,1,10,0,48.5
20221003,12,14.8,16.35,7.4,55.5,1,1,10,0,48.75
20221003,13,16.8,18.65,7.4,48,4,1,10,0,47.5
20221003,14,17.8,19.9,8.2,47,5,1,10,0,45
20221003,15,19.95,21.299999999999997,9.4,46.5,2,1,10,0,44.25
20221003,16,18.05,21,7.95,43,3,1,10,0,47.5
20221003,17,17.049999999999997,19.85,7.7,45.5,2,1,10,0,53.25
20221003,18,16.3,18.4,8.2,51.5,1,1,10,0,50.5
20221003,19,15.85,17.549999999999997,7.85,53,1,1,10,0,48
20221003,20,15.100000000000001,16.2,9.8,66,1,1,10,0,49.25
20221003,21,13.4,15.05,10.55,74.5,0,1,10,0,48.75
20221003,22,12.05,13.7,9.35,75,0,1,10,0,37.75
20221003,23,11.55,12.85,9.149999999999999,78,0,1,10,0,36.5
20221004,0,11.45,12.55,9.149999999999999,80,3,2,10,0,41.75
20221004,1,10.7,11.95,9.45,84.5,0,2,10,0,40.25
20221004,2,10.8,11.95,9.75,86.5,6,2,10,0,32
20221004,3,10,11.2,10.55,96,2,2,10,0,32
20221004,4,9.8,10.6,10.4,99,0,2,10,0,31.75
20221004,5,9.55,10.05,10,99.5,0,2,10,0,24
20221004,6,8.7,9.9,9.9,100,0,2,10,0,3.5
20221004,7,8.35,9.55,9.55,100,12,2,10,0,0.5
20221004,8,10.55,11.35,10.45,94.5,6,2,10,0,0.5
20221004,9,12.45,13.25,10.35,82.5,6,2,10,0,0.5
20221004,10,12.95,14.7,11.1,79,5,2,10,0,0.5
20221004,11,14.700000000000001,16.15,11.4,73.5,3,2,10,0,0.5
20221004,12,14.3,16.05,11.100000000000001,72.5,2,2,10,0,0.5
20221004,13,13.85,16.05,10.8,71,3,2,10,0,0.5
20221004,14,13,15.149999999999999,10.95,76,2,2,10,0,0.5
20221004,15,12.95,15.05,9.850000000000001,71,4,2,10,0,0.5
20221004,16,13.1,15.05,8.85,66.5,1,2,10,0,0.5
20221004,17,13.1,14.8,8.2,64.5,1,2,10,0,0.5
20221004,18,11.95,14.1,8.149999999999999,67.5,1,2,10,0,0.5
20221004,19,10.75,13.100000000000001,7.8999999999999995,70.5,1,2,10,0,0.5
20221004,20,8.95,11.899999999999999,7,72,0,2,10,0,0.5
20221004,21,9.25,11.2,7.5,78,0,2,10,0,0.5
20221004,22,10,10.95,8.3,83.5,0,2,10,0,0.5
20221004,23,10.100000000000001,10.2,9.3,94,0,2,10,0,0.5
20221005,0,9.100000000000001,9.45,9.149999999999999,98,3,3,10,0,0.5
20221005,1,8.5,8.8,8.7,99,0,3,10,0,0.5
20221005,2,8.3,8.75,8.7,99.5,0,3,10,0,0.5
20221005,3,8.65,9.05,9,99.5,3,3,10,0,0.5
20221005,4,8.850000000000001,9.05,9.05,100,0,3,10,0,0.5
20221005,5,8.45,9.05,9.05,100,1,3,10,0,0.5
20221005,6,8.9,9.1,9.1,100,9,3,10,0,0.5
20221005,7,8.45,9,9,100,4,3,10,0,0.5
20221005,8,9.35,9.45,9.45,100,7,3,10,0,0.5
20221005,9,10.75,10.600000000000001,10.5,99.5,4,3,10,0,0.5
20221005,10,12,11.55,11.3,98.5,9,3,10,0,0.5
20221005,11,13.05,12.45,11.8,96,8,3,10,0,0.5
20221005,12,13.5,13.15,12.95,99,2,3,10,0,0.5
20221005,13,13.4,13.25,13.149999999999999,99.5,3,3,10,0,0.5
20221005,14,12.600000000000001,13.25,13.25,100,1,3,10,0,0.5
20221005,15,13.05,13.6,13.6,100,3,3,10,0,0.5
20221005,16,12.8,13.6,13.350000000000001,98.5,2,3,10,0,0.5
20221005,17,12.3,13.45,12.899999999999999,96.5,2,3,10,0,0.5
20221005,18,12.65,13.45,12.399999999999999,93.5,2,3,10,0,0.5
20221005,19,12.35,12.85,12.7,99,0,3,10,0,0.5
20221005,20,12.55,12.2,12.2,100,1,3,10,0,0.5
20221005,21,12.25,11.850000000000001,11.850000000000001,100,0,3,10,0,0.5
20221005,22,12.2,11.7,11.7,100,0,3,10,0,0.5
20221005,23,11.6,11.5,11.5,100,0,3,10,0,0.5
20221006,0,11,11.25,11.25,100,1,4,10,0,0.5
20221006,1,10.2,11.1,11.1,100,1,4,10,0,0.5
20221006,2,10.3,11.149999999999999,11.149999999999999,100,0,4,10,0,0.5
20221006,3,9.95,11.1,11.1,100,0,4,10,0,0.5
20221006,4,9.75,11.1,11.1,100,0,4,10,0,0.5
20221006,5,9.2,11,11,100,1,4,10,0,0.5
20221006,6,9.8,11.149999999999999,11.149999999999999,100,11,4,10,0,0.5
20221006,7,10,11.45,11.45,100,4,4,10,0,0.5
20221006,8,11.45,12.4,12.4,100,9,4,10,0,0.5
20221006,9,15.2,15.2,14.35,95,8,4,10,0,0.5
20221006,10,15.75,16.35,13.6,84,3,4,10,0,0.5
20221006,11,15.95,16.9,13.5,80.5,1,4,10,0,0.5
20221006,12,17.6,18.15,14.149999999999999,77.5,9,4,10,0,0.75
20221006,13,16.85,18.4,14.1,76,3,4,10,0,4.75
20221006,14,17.1,18.6,14.2,75.5,0,4,10,0,5.25
20221006,15,17.25,18.6,14.1,75,0,4,10,0,39.5
20221006,16,18.4,19.65,14.35,71.5,5,4,10,0,52
20221006,17,17.9,19.4,13.7,69.5,1,4,10,0,54.5
20221006,18,17.65,18.5,13.9,74.5,1,4,10,0,55.75
20221006,19,16.3,17.6,13.7,78,0,4,10,0,58.25
20221006,20,16.4,17.25,13.850000000000001,80.5,0,4,10,0,74.25
20221006,21,16.4,17.35,14.15,81.5,0,4,10,0,69.25
20221006,22,17.2,17.25,15.399999999999999,89,0,4,10,0,43.25
20221006,23,16.6,15.95,15.95,100,0,4,10,0,35.75
20221007,0,13.9,14.65,14.65,100,2,5,10,0,41.75
20221007,1,13.3,14.65,14.65,100,0,5,10,0,44.75
20221007,2,15.75,15.850000000000001,15.850000000000001,100,0,5,10,0,33
20221007,3,15.45,15.4,15.4,100,1,5,10,0,31.75
20221007,4,13.55,14.25,14.25,100,0,5,10,0,31
20221007,5,14.5,13.850000000000001,13.850000000000001,100,1,5,10,0,32.5
20221007,6,14.399999999999999,14.45,14.45,100,11,5,10,0,50.75
20221007,7,15.6,15.350000000000001,15.350000000000001,100,3,5,10,0,48.75
20221007,8,16.5,15.85,15.65,99,3,5,10,0,46
20221007,9,17.85,16.85,16.65,99,13,5,10,0,42.75
20221007,10,19.3,16.950000000000003,16.950000000000003,100,1,5,10,0,41
20221007,11,16.2,15.850000000000001,15.850000000000001,100,1,5,10,0,42.25
20221007,12,11.850000000000001,13.2,13.2,100,1,5,10,0,47.25
20221007,13,14.25,14.45,14.45,100,1,5,10,0,49
20221007,14,16.95,16.85,15.5,92,4,5,10,0,53.75
20221007,15,17.549999999999997,16.65,15,90.5,3,5,10,0,51.5
20221007,16,18.2,17.25,17.15,99.5,3,5,10,0,53.5
20221007,17,18.95,17.75,16.85,94.5,2,5,10,0,52.75
20221007,18,15,16.15,14.7,91.5,1,5,10,0,52.5
20221007,19,14.649999999999999,14.95,14.95,100,1,5,10,0,54.25
20221007,20,13.25,13.45,13.25,99,2,5,10,0,54.25
20221007,21,13.2,13.100000000000001,13.100000000000001,100,0,5,10,0,52.75
20221007,22,13.25,13,12.9,99.5,0,5,10,0,42.5
20221007,23,12.8,12.649999999999999,12.45,99,0,5,10,0,41
20221008,0,11.5,12.5,10.65,88.5,6,6,10,0,45.5
20221008,1,10.75,12.15,9.6,84.5,0,6,10,0,48.25
20221008,2,9.350000000000001,11.100000000000001,7.75,80,3,6,10,0,51
20221008,3,7.75,10.25,6.5,77.5,1,6,10,0,51.75
20221008,4,7.35,9.2,6.25,82,0,6,10,0,47
20221008,5,7.050000000000001,8.850000000000001,6.3,84,0,6,10,0,39.75
20221008,6,6.65,8.35,6.7,89.5,0,6,10,0,38.5
20221008,7,7.05,8.1,7.2,94,2,6,10,0,36.75
20221008,8,7.8999999999999995,9.95,7.449999999999999,84.5,9,6,10,0,48.5
20221008,9,8.55,11.05,7.45,78.5,0,6,10,0,53.5
20221008,10,9.2,11.9,7.5,74.5,2,6,10,0,55.25
20221008,11,9.75,13.2,7.3,67.5,2,6,10,0,57.25
20221008,12,9.25,13.7,5.5,57.5,2,6,10,0,56.5
20221008,13,10.1,14.4,5.1,53.5,0,6,10,0,55.5
20221008,14,9.35,13.95,3.7,50,2,6,10,0,52.5
20221008,15,9.1,13.4,5.5,59.5,1,6,10,0,54.75
20221008,16,10.8,14.35,6.9,61,2,6,10,0,54.75
20221008,17,10.4,13.7,6.449999999999999,61.5,0,6,10,0,54.25
20221008,18,8.4,12.55,4.1,56.5,0,6,10,0,41.5
20221008,19,7.5,11.15,3.55,59.5,0,6,10,0,36.75
20221008,20,7.55,10.7,3.25,60,0,6,10,0,39.5
20221008,21,7.25,9.85,3.9,66.5,0,6,10,0,40.5
20221008,22,7.8,9.2,3.6,68,0,6,10,0,41
20221008,23,7.6,9.05,4.35,72.5,0,6,10,0,42.75
20221009,0,7.199999999999999,8.4,4.4,76,0,7,10,0,46.25
20221009,1,6.65,7.35,6.95,97,0,7,10,0,47.25
20221009,2,5.85,6.65,6.55,99,0,7,10,0,41.25
20221009,3,3.75,6.1,5.050000000000001,93,0,7,10,0,39.25
20221009,4,2.55,5.1,4.85,98,0,7,10,0,39.25
20221009,5,3.75,5.4,5.3,99,0,7,10,0,39
20221009,6,3.3,5.3,5.2,99,0,7,10,0,38.5
20221009,7,2.95,5.2,5.1,99,10,7,10,0,36.25
20221009,8,4.949999999999999,7.25,6.5,95,6,7,10,0,53
20221009,9,6.65,9.4,7.199999999999999,86,1,7,10,0,56
20221009,10,7.5,10.5,6.9,78.5,2,7,10,0,56.5
20221009,11,8.7,12.2,6.300000000000001,67.5,3,7,10,0,57.5
20221009,12,9.25,13.2,5.2,58.5,2,7,10,0,55.25
20221009,13,9.649999999999999,13.4,5.050000000000001,57,2,7,10,0,57
20221009,14,8.85,13.25,2.75,49,1,7,10,0,56.25
20221009,15,11.25,14.6,4.3,50,2,7,10,0,55.75
20221009,16,10.7,14.6,1.15,40,1,7,10,0,54.25
20221009,17,10.5,14.100000000000001,3.1500000000000004,47.5,0,7,10,0,54.25
20221009,18,9.4,13.05,2.7,49.5,3,7,10,0,41.75
20221009,19,8.15,11.75,3.05,55,6,7,10,0,37.5
20221009,20,7.4,10.2,2.5,59,0,7,10,0,41.5
20221009,21,7.55,9.45,3,64,0,7,10,0,41.5
20221009,22,6.65,8.649999999999999,3.3499999999999996,69.5,0,7,10,0,45.75
20221009,23,6.300000000000001,7.65,4.65,81.5,0,7,10,0,48
20221010,0,5.550000000000001,6.550000000000001,5.75,94.5,1,1,10,0,51
20221010,1,4.1,5.2,5.1,99,0,1,10,0,52.5
20221010,2,3.2,4.6,4.5,99,0,1,10,0,43
20221010,3,2.1500000000000004,3.7,3.7,100,0,1,10,0,42.75
20221010,4,2.55,3.9,3.9,100,0,1,10,0,43.5
20221010,5,2,3.4,3.4,100,11,1,10,0,43.25
20221010,6,1.25,2.95,2.95,100,0,1,10,0,56.25
20221010,7,1.15,3.2,3.2,100,5,1,10,0,55.25
20221010,8,4,6.15,6.050000000000001,99,6,1,10,0,55.5
20221010,9,6.8,8.2,6.5,89,9,1,10,0,53.5
20221010,10,9,11,6.8,75.5,5,1,10,0,53.25
20221010,11,10.7,12.95,5.6,61,7,1,10,0,54.5
20221010,12,12.9,15.05,6.1,55,2,1,10,0,57
20221010,13,13.100000000000001,15.55,4.6,48,3,1,10,0,55.25
20221010,14,14.100000000000001,16.9,3.7,41.5,1,1,10,0,56.5
20221010,15,15.8,18.3,3.95,38.5,4,1,10,0,54
20221010,16,16.25,18.299999999999997,5,41.5,1,1,10,0,54.25
20221010,17,15.45,18.2,4.55,40.5,4,1,10,0,57
20221010,18,14.3,17.15,3.9000000000000004,41.5,2,1,10,0,55.75
20221010,19,12.1,15.350000000000001,4.8,49.5,1,1,10,0,53.5
20221010,20,11.9,14,4.85,54,0,1,10,0,70
20221010,21,10.95,13.05,7.3500000000000005,68.5,0,1,10,0,73.5
20221010,22,11.15,12,9.1,82.5,0,1,10,0,50.25
20221010,23,10.55,10.850000000000001,9.3,90,0,1,10,0,45
20221011,0,9.3,9.649999999999999,9.3,97.5,3,2,10,0,48.25
20221011,1,7.9,8.3,8.2,99,0,2,10,0,48
20221011,2,7,7.9,7.8,99,7,2,10,0,39.5
20221011,3,6.1,7.15,7.050000000000001,99,1,2,10,0,39.5
20221011,4,5.449999999999999,6.45,6.45,100,0,2,10,0,39
20221011,5,5.6,6.4,6.4,100,8,2,10,0,39.5
20221011,6,5.5,6.35,6.35,100,1,2,10,0,51.75
20221011,7,5.9,6.65,6.65,100,7,2,10,0,53.25
20221011,8,6.05,8,7.95,99.5,5,2,10,0,53.5
20221011,9,9.45,11.15,9.7,91,5,2,10,0,51.25
20221011,10,12.45,14.6,8.1,65.5,4,2,10,0,51
20221011,11,15.2,17.35,8.9,57.5,2,2,10,0,51.5
20221011,12,16.65,18.5,10.55,60,8,2,10,0,55.5
20221011,13,16.799999999999997,18.85,9.3,54,2,2,10,0,52.5
20221011,14,17.55,19.25,10,55,1,2,10,0,51.5
20221011,15,17.75,19.75,9.5,51.5,2,2,10,0,53.25
20221011,16,17.7,20.15,8.5,47,3,2,10,0,56.5
20221011,17,17.35,19.75,8.75,49,1,2,10,0,58.25
20221011,18,17.1,19.45,8.9,50.5,1,2,10,0,61.5
20221011,19,17.6,18.450000000000003,9.75,57,0,2,10,0,59.5
20221011,20,16.85,17.2,10,62.5,2,2,10,0,61.5
20221011,21,15.75,16,10.3,69,1,2,10,0,74.75
20221011,22,15.1,15.100000000000001,10.5,74,0,2,10,0,62
20221011,23,12.95,14,11.45,84.5,0,2,10,0,59.5
20221012,0,13.1,13.399999999999999,11.899999999999999,90.5,1,3,10,0,64
20221012,1,12.6,13.05,12.25,95,1,3,10,0,63.25
20221012,2,13.600000000000001,13,12.4,96,0,3,10,0,55.5
20221012,3,13.75,13.4,12.85,96.5,2,3,10,0,54.25
20221012,4,15.75,16.05,12.75,81,0,3,10,0,54.5
20221012,5,16.5,16.65,13.149999999999999,80,1,3,10,0,55
20221012,6,16.15,17.15,13.350000000000001,78.5,11,3,10,0,69
20221012,7,16.7,16.6,14.149999999999999,85.5,9,3,10,0,70.5
20221012,8,17.2,16.8,14.7,87.5,7,3,10,0,73.25
20221012,9,15.5,15.15,15.15,100,9,3,10,0,74
20221012,10,14.6,15,15,100,4,3,10,0,77.5
20221012,11,14.1,14.7,14.7,100,5,3,10,0,77.5
20221012,12,13.75,15,15,100,4,3,10,0,77.5
20221012,13,15.100000000000001,15.399999999999999,15.399999999999999,100,5,3,10,0,77.5
20221012,14,14.45,14.95,14.95,100,3,3,10,0,77
20221012,15,14.35,15.15,15.15,100,0,3,10,0,77.25
20221012,16,16.05,16.1,16.1,100,0,3,10,0,66.75
20221012,17,16.75,16.35,16.25,99.5,2,3,10,0,65.25
20221012,18,17.2,16.700000000000003,15.75,94,0,3,10,0,65
20221012,19,16.25,16.5,15.65,94.5,0,3,10,0,65.75
20221012,20,15.850000000000001,16.15,15.9,98.5,0,3,10,0,65
20221012,21,15.65,16.5,15.9,96,0,3,10,0,63
20221012,22,16.75,17.299999999999997,15.3,88,0,3,10,0,53
20221012,23,16.8,17.7,14.8,83,0,3,10,0,51
